{"type":"FeatureCollection","features":[{"type":"Feature","properties":{"layer":"incendio"},"geometry":{"type":"MultiLineString","coordinates":[[[-43.109403,-22.838995],[-43.109399,-22.838998],[-43.109395,-22.839]],[[-43.109376,-22.83899],[-43.109376,-22.838985],[-43.109377,-22.838981]],[[-43.109386,-22.83899],[-43.109371,-22.838991],[-43.109385,-22.838987]],[[-43.109391,-22.83899],[-43.109378,-22.839007],[-43.109387,-22.838988]],[[-43.10939,-22.838992],[-43.109395,-22.839005],[-43.109393,-22.838991]],[[-43.109382,-22.838998],[-43.109378,-22.838995],[-43.109376,-22.838991]],[[-43.109393,-22.839001],[-43.109388,-22.839001],[-43.109384,-22.838999]],[[-43.109405,-22.838984],[-43.109405,-22.838989],[-43.109404,-22.838993]],[[-43.109391,-22.838982],[-43.109386,-22.838969],[-43.109388,-22.838983]],[[-43.109387,-22.838988],[-43.109369,-22.838975],[-43.10939,-22.838984]],[[-43.109378,-22.838979],[-43.109381,-22.838976],[-43.109385,-22.838974],[-43.109389,-22.838973],[-43.109393,-22.838973],[-43.109397,-22.838975]],[[-43.109403,-22.838967],[-43.10939,-22.838984],[-43.109391,-22.83899]],[[-43.109394,-22.838986],[-43.109387,-22.838988]],[[-43.109395,-22.838987],[-43.10941,-22.838983],[-43.109395,-22.838985]],[[-43.109394,-22.838986],[-43.109412,-22.838999],[-43.109391,-22.83899]],[[-43.109399,-22.838976],[-43.109402,-22.838979],[-43.109405,-22.838983]],[[-43.109394,-22.838986],[-43.109403,-22.838967]],[[-43.108835,-22.839661],[-43.109041,-22.839778]],[[-43.108836,-22.83966],[-43.109041,-22.839777]],[[-43.109134,-22.839199],[-43.109339,-22.839316]],[[-43.109134,-22.839198],[-43.10934,-22.839315]],[[-43.109488,-22.838648],[-43.109706,-22.838773]],[[-43.109488,-22.838648],[-43.109706,-22.838773]],[[-43.109706,-22.838773],[-43.109706,-22.838774],[-43.109758,-22.838802]],[[-43.109707,-22.838773],[-43.109758,-22.838802]],[[-43.109706,-22.838773],[-43.109458,-22.839157],[-43.10951,-22.839187]],[[-43.109707,-22.838773],[-43.109459,-22.839157],[-43.10951,-22.839186]],[[-43.109858,-22.838077],[-43.11036,-22.838362]],[[-43.109858,-22.838076],[-43.11036,-22.838362]],[[-43.110137,-22.838236],[-43.110039,-22.838388]],[[-43.110138,-22.838236],[-43.11004,-22.838388]],[[-43.110138,-22.838236],[-43.110255,-22.838055]],[[-43.110138,-22.838235],[-43.110254,-22.838055]],[[-43.11036,-22.838362],[-43.110172,-22.838652]],[[-43.11036,-22.838362],[-43.110173,-22.838652]],[[-43.11036,-22.838362],[-43.110876,-22.837562]],[[-43.11036,-22.838362],[-43.110876,-22.837562]],[[-43.108577,-22.839813],[-43.108693,-22.839881],[-43.110152,-22.837621]],[[-43.108577,-22.839812],[-43.108693,-22.83988],[-43.110151,-22.837621]],[[-43.110152,-22.837621],[-43.110719,-22.836742]],[[-43.110151,-22.837621],[-43.110719,-22.836742]],[[-43.109044,-22.838002],[-43.109074,-22.838019],[-43.108987,-22.838155],[-43.109587,-22.838496]],[[-43.109044,-22.838002],[-43.109075,-22.838019],[-43.108987,-22.838155],[-43.109587,-22.838496]],[[-43.109585,-22.838498],[-43.108971,-22.838149],[-43.108475,-22.838917],[-43.108495,-22.838929]],[[-43.109585,-22.838498],[-43.108971,-22.838149],[-43.108476,-22.838917],[-43.108496,-22.838928]],[[-43.108029,-22.839692],[-43.10797,-22.839782]],[[-43.10797,-22.839783],[-43.107762,-22.840105],[-43.108027,-22.840255]],[[-43.108029,-22.839692],[-43.107763,-22.840104],[-43.108028,-22.840255]],[[-43.107906,-22.839883],[-43.108134,-22.840013]],[[-43.107906,-22.839883],[-43.108134,-22.840012]],[[-43.108577,-22.839812],[-43.108362,-22.839881],[-43.108029,-22.839691]],[[-43.10797,-22.839782],[-43.107573,-22.839556]],[[-43.107572,-22.839556],[-43.10646,-22.838923]],[[-43.108577,-22.839813],[-43.108362,-22.839881],[-43.108029,-22.839692]],[[-43.10797,-22.839783],[-43.10646,-22.838924]],[[-43.107573,-22.839556],[-43.10765,-22.839436]],[[-43.107572,-22.839556],[-43.10765,-22.839436]],[[-43.106924,-22.839063],[-43.10679,-22.839271]],[[-43.106925,-22.839064],[-43.10679,-22.839271]],[[-43.107564,-22.839894],[-43.109324,-22.837167],[-43.109293,-22.83715]],[[-43.107563,-22.839893],[-43.109323,-22.837167],[-43.109293,-22.83715]],[[-43.108961,-22.838166],[-43.10898,-22.838177]],[[-43.108961,-22.838165],[-43.108981,-22.838177]],[[-43.107639,-22.836354],[-43.109207,-22.837245]],[[-43.109207,-22.837245],[-43.109586,-22.837461],[-43.109789,-22.837416],[-43.110151,-22.837622]],[[-43.10764,-22.836353],[-43.109586,-22.83746],[-43.109788,-22.837415],[-43.110151,-22.837621]],[[-43.109226,-22.837109],[-43.109168,-22.837075],[-43.109098,-22.837183]],[[-43.109226,-22.837109],[-43.109168,-22.837076],[-43.109099,-22.837183]],[[-43.108842,-22.83781],[-43.109044,-22.837925]],[[-43.10918,-22.837715],[-43.109021,-22.837962]],[[-43.108842,-22.83781],[-43.109045,-22.837925]],[[-43.10918,-22.837716],[-43.109021,-22.837962]],[[-43.108876,-22.837937],[-43.108914,-22.837958],[-43.10889,-22.837995],[-43.108852,-22.837973],[-43.108876,-22.837937]],[[-43.109221,-22.837143],[-43.109182,-22.837203],[-43.109162,-22.837208],[-43.108729,-22.837878],[-43.108864,-22.837955]],[[-43.109222,-22.837144],[-43.109183,-22.837204],[-43.109162,-22.837209],[-43.10873,-22.837878],[-43.108864,-22.837955]],[[-43.106541,-22.838799],[-43.106482,-22.838641]],[[-43.106469,-22.838606],[-43.106366,-22.838327],[-43.109712,-22.833143]],[[-43.10654,-22.838799],[-43.106481,-22.838641]],[[-43.106469,-22.838607],[-43.106365,-22.838327],[-43.108837,-22.834498]],[[-43.108837,-22.834498],[-43.109712,-22.833142]],[[-43.106561,-22.838024],[-43.106621,-22.838059]],[[-43.106561,-22.838024],[-43.106621,-22.838058]],[[-43.106775,-22.837693],[-43.107212,-22.837942]],[[-43.107213,-22.837942],[-43.10737,-22.838032],[-43.107648,-22.837601]],[[-43.106775,-22.837693],[-43.10737,-22.838031],[-43.107647,-22.8376]],[[-43.107164,-22.838016],[-43.107144,-22.838004]],[[-43.107164,-22.838016],[-43.107144,-22.838005]],[[-43.107444,-22.837915],[-43.107406,-22.837893]],[[-43.107444,-22.837915],[-43.107406,-22.837894]],[[-43.107604,-22.837668],[-43.107496,-22.837607],[-43.107674,-22.837331]],[[-43.107603,-22.837668],[-43.107495,-22.837607],[-43.107673,-22.837331]],[[-43.106847,-22.837581],[-43.107007,-22.837672]],[[-43.106847,-22.837581],[-43.107007,-22.837672]],[[-43.106525,-22.83808],[-43.106336,-22.837973]],[[-43.106524,-22.83808],[-43.106336,-22.837973]],[[-43.107056,-22.837257],[-43.106704,-22.837057],[-43.106807,-22.836897]],[[-43.107055,-22.837258],[-43.106703,-22.837057],[-43.106807,-22.836897]],[[-43.106871,-22.837152],[-43.106898,-22.83711]],[[-43.10687,-22.837152],[-43.106897,-22.83711]],[[-43.10719,-22.837049],[-43.107233,-22.837074]],[[-43.107191,-22.837049],[-43.107233,-22.837073]],[[-43.107448,-22.83665],[-43.107491,-22.836674]],[[-43.107449,-22.836649],[-43.107491,-22.836674]],[[-43.108287,-22.836721],[-43.108097,-22.837015]],[[-43.108287,-22.836721],[-43.108098,-22.837015]],[[-43.108185,-22.836605],[-43.108158,-22.836647]],[[-43.108185,-22.836605],[-43.108158,-22.836648]],[[-43.108102,-22.836366],[-43.107984,-22.836549]],[[-43.108103,-22.836367],[-43.107985,-22.836549]],[[-43.107544,-22.8365],[-43.106604,-22.835965],[-43.106502,-22.835908],[-43.106299,-22.835791]],[[-43.107544,-22.8365],[-43.106603,-22.835965],[-43.106502,-22.835909],[-43.106298,-22.835792]],[[-43.107347,-22.836334],[-43.107322,-22.836373]],[[-43.107348,-22.836334],[-43.107322,-22.836374]],[[-43.107161,-22.836282],[-43.107413,-22.835891],[-43.107462,-22.835919]],[[-43.10716,-22.836282],[-43.107413,-22.83589],[-43.107462,-22.835919]],[[-43.107082,-22.836099],[-43.107017,-22.8362]],[[-43.107083,-22.836099],[-43.107017,-22.8362]],[[-43.106628,-22.835979],[-43.106562,-22.836082]],[[-43.106629,-22.83598],[-43.106562,-22.836082]],[[-43.106238,-22.835884],[-43.1061,-22.836098]],[[-43.1061,-22.836098],[-43.106337,-22.835731]],[[-43.106238,-22.835884],[-43.106337,-22.835731]],[[-43.108086,-22.83566],[-43.106089,-22.834524]],[[-43.108086,-22.835661],[-43.106089,-22.834525]],[[-43.10717,-22.83514],[-43.10702,-22.835372]],[[-43.107019,-22.835373],[-43.107088,-22.835412]],[[-43.107171,-22.83514],[-43.10702,-22.835373],[-43.107089,-22.835412]],[[-43.10702,-22.835372],[-43.10688,-22.835293]],[[-43.107019,-22.835373],[-43.10688,-22.835293]],[[-43.106946,-22.835012],[-43.106896,-22.835089]],[[-43.106946,-22.835012],[-43.106896,-22.835089]],[[-43.10815,-22.835563],[-43.108923,-22.836003]],[[-43.10815,-22.835563],[-43.108923,-22.836003]],[[-43.108283,-22.835122],[-43.108394,-22.835185]],[[-43.108284,-22.835122],[-43.108394,-22.835184]],[[-43.10852,-22.834989],[-43.108753,-22.835121],[-43.108651,-22.83528],[-43.109464,-22.835743]],[[-43.108521,-22.834989],[-43.108754,-22.835121],[-43.108651,-22.83528],[-43.109464,-22.835743]],[[-43.109058,-22.835294],[-43.108754,-22.835121]],[[-43.109057,-22.835294],[-43.108754,-22.835122]],[[-43.109489,-22.835705],[-43.109382,-22.835871],[-43.109774,-22.836094]],[[-43.109489,-22.835706],[-43.109383,-22.835871],[-43.109774,-22.836094]],[[-43.109465,-22.835744],[-43.109824,-22.835187],[-43.110216,-22.83541]],[[-43.109464,-22.835743],[-43.109824,-22.835186],[-43.110216,-22.835409]],[[-43.109949,-22.835823],[-43.109557,-22.8356]],[[-43.109949,-22.835823],[-43.109557,-22.835601]],[[-43.110103,-22.835584],[-43.109859,-22.835445]],[[-43.110103,-22.835584],[-43.109858,-22.835445]],[[-43.109588,-22.834989],[-43.108807,-22.834545]],[[-43.109587,-22.83499],[-43.108806,-22.834546]],[[-43.108998,-22.834828],[-43.10908,-22.834701]],[[-43.108998,-22.834828],[-43.10908,-22.834701]],[[-43.109188,-22.834937],[-43.10927,-22.83481]],[[-43.109188,-22.834936],[-43.10927,-22.834809]],[[-43.108837,-22.834498],[-43.107705,-22.833853]],[[-43.107704,-22.833854],[-43.107218,-22.834607]],[[-43.108837,-22.834498],[-43.108159,-22.834113]],[[-43.108159,-22.834113],[-43.107705,-22.833854],[-43.107218,-22.834608]],[[-43.108488,-22.834273],[-43.108476,-22.834292]],[[-43.108488,-22.834273],[-43.108476,-22.834293]],[[-43.108266,-22.834147],[-43.108254,-22.834166]],[[-43.108266,-22.834147],[-43.108254,-22.834166]],[[-43.108063,-22.834031],[-43.108051,-22.83405]],[[-43.108064,-22.834032],[-43.108052,-22.834051]],[[-43.107855,-22.833913],[-43.107843,-22.833932]],[[-43.107856,-22.833914],[-43.107844,-22.833932]],[[-43.108159,-22.834113],[-43.107831,-22.834619]],[[-43.108159,-22.834113],[-43.107832,-22.83462]],[[-43.107287,-22.833616],[-43.107704,-22.833854]],[[-43.107287,-22.833616],[-43.107705,-22.833853]],[[-43.107126,-22.833866],[-43.107544,-22.834103]],[[-43.107127,-22.833865],[-43.107544,-22.834102]],[[-43.106972,-22.834104],[-43.107389,-22.834342]],[[-43.106972,-22.834104],[-43.10739,-22.834341]],[[-43.1068,-22.834371],[-43.107218,-22.834608]],[[-43.106801,-22.83437],[-43.107218,-22.834607]],[[-43.107831,-22.83462],[-43.107947,-22.834686]],[[-43.107831,-22.834619],[-43.107947,-22.834685]],[[-43.107832,-22.83462],[-43.107716,-22.834554]],[[-43.107831,-22.83462],[-43.107716,-22.834555]],[[-43.108005,-22.834351],[-43.107872,-22.834276]],[[-43.108004,-22.834351],[-43.107872,-22.834276]],[[-43.108005,-22.834352],[-43.108146,-22.834432]],[[-43.108005,-22.834351],[-43.108146,-22.834431]],[[-43.109101,-22.83409],[-43.10974,-22.834454],[-43.109642,-22.834606]],[[-43.109101,-22.834089],[-43.109741,-22.834454],[-43.109643,-22.834606]],[[-43.109487,-22.83431],[-43.109415,-22.834422]],[[-43.109488,-22.83431],[-43.109415,-22.834422]],[[-43.10909,-22.834302],[-43.109193,-22.834142]],[[-43.10909,-22.834302],[-43.109193,-22.834142]],[[-43.109101,-22.834089],[-43.108073,-22.833505],[-43.107942,-22.833708]],[[-43.1091,-22.83409],[-43.108073,-22.833505],[-43.107942,-22.833709]],[[-43.108775,-22.834182],[-43.108906,-22.833979]],[[-43.108775,-22.834182],[-43.108906,-22.833979]],[[-43.108559,-22.83406],[-43.10869,-22.833856]],[[-43.108559,-22.834059],[-43.10869,-22.833856]],[[-43.108353,-22.833942],[-43.108484,-22.833739]],[[-43.108352,-22.833942],[-43.108483,-22.833739]],[[-43.108151,-22.833827],[-43.108282,-22.833624]],[[-43.10815,-22.833827],[-43.108282,-22.833624]],[[-43.109409,-22.833613],[-43.11011,-22.834012]],[[-43.109409,-22.833612],[-43.110111,-22.834011]],[[-43.109747,-22.834013],[-43.109845,-22.833861]],[[-43.109746,-22.834013],[-43.109845,-22.833861]],[[-43.109597,-22.833928],[-43.109696,-22.833776]],[[-43.109597,-22.833928],[-43.109695,-22.833776]],[[-43.109409,-22.833612],[-43.108438,-22.83306],[-43.108362,-22.833177]],[[-43.109408,-22.833613],[-43.108745,-22.833235]],[[-43.108745,-22.833235],[-43.108438,-22.83306],[-43.108363,-22.833177]],[[-43.108979,-22.833527],[-43.109054,-22.833411]],[[-43.108978,-22.833527],[-43.109053,-22.833411]],[[-43.10867,-22.833352],[-43.108745,-22.833235]],[[-43.10867,-22.833351],[-43.108745,-22.833235]],[[-43.109712,-22.833142],[-43.110388,-22.833527],[-43.110287,-22.833684]],[[-43.109712,-22.833142],[-43.110389,-22.833527],[-43.110288,-22.833684]],[[-43.109922,-22.833],[-43.109799,-22.833191]],[[-43.109923,-22.833],[-43.1098,-22.833191]],[[-43.109036,-22.839786],[-43.109047,-22.839769]],[[-43.109038,-22.839787],[-43.109048,-22.83977]],[[-43.109334,-22.839324],[-43.109345,-22.839307]],[[-43.109336,-22.839325],[-43.109347,-22.839308]],[[-43.109504,-22.839195],[-43.109515,-22.839178]],[[-43.109506,-22.839196],[-43.109517,-22.839179]],[[-43.10951,-22.839187],[-43.10951,-22.839186]],[[-43.109752,-22.838811],[-43.109763,-22.838794]],[[-43.109754,-22.838812],[-43.109765,-22.838795]],[[-43.109655,-22.838389],[-43.109654,-22.838389]],[[-43.109649,-22.838397],[-43.10966,-22.838381]],[[-43.109651,-22.838398],[-43.109662,-22.838382]],[[-43.109654,-22.838389],[-43.109655,-22.838389]],[[-43.109781,-22.838193],[-43.109792,-22.838176]],[[-43.109783,-22.838194],[-43.109794,-22.838177]],[[-43.110714,-22.83675],[-43.110724,-22.836733]],[[-43.110715,-22.836751],[-43.110726,-22.836734]],[[-43.11004,-22.838388],[-43.110039,-22.838388]],[[-43.11003,-22.838383],[-43.110048,-22.838393]],[[-43.110029,-22.838384],[-43.110048,-22.838395]],[[-43.110039,-22.838388],[-43.11004,-22.838388]],[[-43.110254,-22.838055],[-43.110255,-22.838055]],[[-43.110264,-22.83806],[-43.110246,-22.83805]],[[-43.110265,-22.838058],[-43.110247,-22.838048]],[[-43.110255,-22.838055],[-43.110254,-22.838055]],[[-43.110178,-22.838644],[-43.110167,-22.83866]],[[-43.110176,-22.838643],[-43.110165,-22.83866]],[[-43.110459,-22.838208],[-43.110459,-22.838207]],[[-43.110465,-22.838199],[-43.110454,-22.838216]],[[-43.110463,-22.838198],[-43.110452,-22.838215]],[[-43.110459,-22.838207],[-43.110459,-22.838208]],[[-43.110615,-22.837966],[-43.110616,-22.837965]],[[-43.110621,-22.837957],[-43.11061,-22.837974]],[[-43.11062,-22.837956],[-43.110609,-22.837973]],[[-43.110616,-22.837965],[-43.110615,-22.837966]],[[-43.110746,-22.837764],[-43.110746,-22.837763]],[[-43.110746,-22.837763],[-43.110746,-22.837764]],[[-43.110881,-22.837553],[-43.110871,-22.83757]],[[-43.11088,-22.837553],[-43.110869,-22.837569]],[[-43.108019,-22.840249],[-43.108038,-22.84026]],[[-43.108019,-22.840251],[-43.108037,-22.840261]],[[-43.108027,-22.840255],[-43.108028,-22.840256]],[[-43.108129,-22.840021],[-43.108139,-22.840004]],[[-43.10813,-22.840022],[-43.108141,-22.840005]],[[-43.108088,-22.83701],[-43.108106,-22.83702]],[[-43.108087,-22.837012],[-43.108105,-22.837022]],[[-43.108097,-22.837015],[-43.108098,-22.837015]],[[-43.108111,-22.836371],[-43.108093,-22.836361]],[[-43.108112,-22.83637],[-43.108094,-22.83636]],[[-43.108103,-22.836367],[-43.108102,-22.836366]],[[-43.108168,-22.836632],[-43.108123,-22.836567]],[[-43.108194,-22.83661],[-43.108176,-22.8366]],[[-43.108195,-22.836609],[-43.108177,-22.836599]],[[-43.10849,-22.838937],[-43.108501,-22.83892]],[[-43.108492,-22.838938],[-43.108502,-22.838921]],[[-43.108495,-22.838929],[-43.108496,-22.838928],[-43.108495,-22.838929]],[[-43.108975,-22.838185],[-43.108986,-22.838168]],[[-43.108977,-22.838186],[-43.108988,-22.83817]],[[-43.10898,-22.838177],[-43.108981,-22.838177],[-43.10898,-22.838177]],[[-43.108971,-22.838172],[-43.108939,-22.838179]],[[-43.107659,-22.839442],[-43.107641,-22.839431]],[[-43.10766,-22.83944],[-43.107642,-22.83943]],[[-43.106934,-22.839069],[-43.106915,-22.839058]],[[-43.106934,-22.839067],[-43.106916,-22.839057]],[[-43.106925,-22.839064],[-43.106924,-22.839064],[-43.106925,-22.839064]],[[-43.106616,-22.838067],[-43.106627,-22.83805]],[[-43.106617,-22.838067],[-43.106628,-22.838051]],[[-43.106621,-22.838059],[-43.106621,-22.838058],[-43.106621,-22.838059]],[[-43.106594,-22.838043],[-43.106576,-22.838074]],[[-43.106342,-22.837965],[-43.106331,-22.837981]],[[-43.10634,-22.837963],[-43.106329,-22.83798]],[[-43.107657,-22.837606],[-43.107639,-22.837596]],[[-43.107658,-22.837605],[-43.10764,-22.837594]],[[-43.107648,-22.837601],[-43.107647,-22.8376],[-43.107648,-22.837601]],[[-43.106782,-22.838521],[-43.106771,-22.838538]],[[-43.10678,-22.83852],[-43.106769,-22.838537]],[[-43.106777,-22.838529],[-43.106776,-22.83853],[-43.106777,-22.838529]],[[-43.106781,-22.839266],[-43.1068,-22.839276]],[[-43.106781,-22.839267],[-43.106799,-22.839278]],[[-43.10679,-22.839271],[-43.106791,-22.839271],[-43.10679,-22.839271]],[[-43.107155,-22.83801],[-43.107075,-22.838052]],[[-43.107144,-22.838005],[-43.107144,-22.838004]],[[-43.107149,-22.837996],[-43.107139,-22.838013]],[[-43.107148,-22.837995],[-43.107137,-22.838012]],[[-43.107144,-22.838004],[-43.107144,-22.838005]],[[-43.107416,-22.8379],[-43.107336,-22.837942]],[[-43.107406,-22.837894],[-43.107406,-22.837893]],[[-43.107411,-22.837885],[-43.107401,-22.837902]],[[-43.107409,-22.837884],[-43.107399,-22.837901]],[[-43.107406,-22.837893],[-43.107406,-22.837894]],[[-43.107673,-22.837331],[-43.107674,-22.837331]],[[-43.107682,-22.837336],[-43.107664,-22.837326]],[[-43.107683,-22.837334],[-43.107665,-22.837324]],[[-43.107674,-22.837331],[-43.107673,-22.837331]],[[-43.107002,-22.83768],[-43.107012,-22.837663]],[[-43.107003,-22.837681],[-43.107014,-22.837664]],[[-43.107228,-22.837082],[-43.107238,-22.837065]],[[-43.10723,-22.837083],[-43.10724,-22.837066]],[[-43.107233,-22.837074],[-43.107233,-22.837073],[-43.107233,-22.837074]],[[-43.107206,-22.837059],[-43.107188,-22.83709]],[[-43.106816,-22.836902],[-43.106798,-22.836891]],[[-43.106817,-22.8369],[-43.106799,-22.83689]],[[-43.106907,-22.837115],[-43.106889,-22.837105]],[[-43.106908,-22.837114],[-43.10689,-22.837103]],[[-43.106898,-22.83711],[-43.106897,-22.83711],[-43.106898,-22.83711]],[[-43.106884,-22.837131],[-43.106871,-22.837109]],[[-43.107486,-22.836682],[-43.107497,-22.836665]],[[-43.107488,-22.836683],[-43.107498,-22.836666]],[[-43.107464,-22.836659],[-43.107446,-22.83669]],[[-43.107357,-22.836339],[-43.107338,-22.836329]],[[-43.107357,-22.836338],[-43.107339,-22.836327]],[[-43.107348,-22.836334],[-43.107347,-22.836334],[-43.107348,-22.836334]],[[-43.107334,-22.836355],[-43.107321,-22.836333]],[[-43.107457,-22.835927],[-43.107468,-22.83591]],[[-43.107459,-22.835928],[-43.10747,-22.835911]],[[-43.107091,-22.836104],[-43.107073,-22.836094]],[[-43.107092,-22.836103],[-43.107074,-22.836092]],[[-43.107083,-22.836099],[-43.107082,-22.836099],[-43.107083,-22.836099]],[[-43.107049,-22.836149],[-43.107006,-22.836141]],[[-43.106553,-22.836077],[-43.106571,-22.836087]],[[-43.106552,-22.836078],[-43.10657,-22.836089]],[[-43.10657,-22.83607],[-43.106526,-22.836061]],[[-43.106091,-22.836093],[-43.106109,-22.836104]],[[-43.10609,-22.836095],[-43.106108,-22.836105]],[[-43.106346,-22.835736],[-43.106328,-22.835726]],[[-43.106347,-22.835735],[-43.106329,-22.835724]],[[-43.106095,-22.834516],[-43.106084,-22.834533]],[[-43.106093,-22.834515],[-43.106082,-22.834532]],[[-43.106089,-22.834524],[-43.106089,-22.834525],[-43.106089,-22.834524]],[[-43.107083,-22.83542],[-43.107094,-22.835403]],[[-43.107084,-22.835421],[-43.107095,-22.835404]],[[-43.107089,-22.835412],[-43.107088,-22.835412],[-43.107089,-22.835412]],[[-43.106886,-22.835285],[-43.106875,-22.835302]],[[-43.106884,-22.835284],[-43.106873,-22.835301]],[[-43.106887,-22.835084],[-43.106905,-22.835094]],[[-43.106886,-22.835086],[-43.106904,-22.835096]],[[-43.106921,-22.835051],[-43.106943,-22.835108]],[[-43.108932,-22.836008],[-43.108914,-22.835998]],[[-43.108933,-22.836007],[-43.108915,-22.835996]],[[-43.108187,-22.835596],[-43.108198,-22.835579]],[[-43.108189,-22.835597],[-43.1082,-22.83558]],[[-43.108192,-22.835588],[-43.108192,-22.835587]],[[-43.108504,-22.835766],[-43.108486,-22.835756]],[[-43.108506,-22.835765],[-43.108487,-22.835754]],[[-43.108496,-22.835761],[-43.108496,-22.83576]],[[-43.108289,-22.835114],[-43.108278,-22.83513]],[[-43.108288,-22.835113],[-43.108277,-22.83513]],[[-43.108284,-22.835122],[-43.108283,-22.835122]],[[-43.1088,-22.835159],[-43.108811,-22.835142]],[[-43.108802,-22.83516],[-43.108813,-22.835143]],[[-43.108805,-22.835151],[-43.108806,-22.835151]],[[-43.108765,-22.835126],[-43.10878,-22.835086]],[[-43.108659,-22.835286],[-43.108641,-22.835276]],[[-43.10866,-22.835284],[-43.108642,-22.835274]],[[-43.108651,-22.835281],[-43.108651,-22.83528]],[[-43.108926,-22.835438],[-43.108908,-22.835427]],[[-43.108927,-22.835436],[-43.108909,-22.835426]],[[-43.108917,-22.835433],[-43.108917,-22.835432]],[[-43.109167,-22.835575],[-43.109149,-22.835565]],[[-43.109168,-22.835573],[-43.10915,-22.835563]],[[-43.109769,-22.836102],[-43.10978,-22.836085]],[[-43.109771,-22.836103],[-43.109782,-22.836087]],[[-43.109944,-22.835832],[-43.109954,-22.835815]],[[-43.109945,-22.835833],[-43.109956,-22.835816]],[[-43.110098,-22.835593],[-43.110109,-22.835576]],[[-43.1101,-22.835594],[-43.110111,-22.835577]],[[-43.110211,-22.835418],[-43.110222,-22.835401]],[[-43.110213,-22.835419],[-43.110223,-22.835402]],[[-43.110216,-22.83541],[-43.110216,-22.835409]],[[-43.109582,-22.834998],[-43.109593,-22.834981]],[[-43.109584,-22.834999],[-43.109594,-22.834982]],[[-43.109587,-22.83499],[-43.109588,-22.834989]],[[-43.109179,-22.834931],[-43.109197,-22.834942]],[[-43.109178,-22.834933],[-43.109196,-22.834943]],[[-43.109188,-22.834936],[-43.109188,-22.834937]],[[-43.108989,-22.834823],[-43.109007,-22.834834]],[[-43.108988,-22.834825],[-43.109006,-22.834835]],[[-43.106806,-22.834362],[-43.106795,-22.834379]],[[-43.106804,-22.834361],[-43.106793,-22.834378]],[[-43.106801,-22.83437],[-43.1068,-22.834371]],[[-43.108497,-22.834278],[-43.108479,-22.834268]],[[-43.108498,-22.834277],[-43.10848,-22.834267]],[[-43.108482,-22.834283],[-43.10845,-22.834247]],[[-43.108275,-22.834152],[-43.108257,-22.834142]],[[-43.108276,-22.834151],[-43.108258,-22.83414]],[[-43.10826,-22.834157],[-43.108228,-22.834121]],[[-43.108073,-22.834037],[-43.108054,-22.834027]],[[-43.108073,-22.834035],[-43.108055,-22.834025]],[[-43.108064,-22.834032],[-43.108063,-22.834031]],[[-43.108057,-22.834042],[-43.108025,-22.834006]],[[-43.107865,-22.833919],[-43.107847,-22.833908]],[[-43.107866,-22.833917],[-43.107847,-22.833907]],[[-43.107856,-22.833914],[-43.107855,-22.833913]],[[-43.107849,-22.833923],[-43.107818,-22.833888]],[[-43.107293,-22.833608],[-43.107282,-22.833625]],[[-43.107291,-22.833607],[-43.10728,-22.833624]],[[-43.107132,-22.833857],[-43.107121,-22.833874]],[[-43.10713,-22.833856],[-43.107119,-22.833873]],[[-43.107127,-22.833865],[-43.107126,-22.833866]],[[-43.106978,-22.834096],[-43.106967,-22.834113]],[[-43.106976,-22.834095],[-43.106965,-22.834112]],[[-43.107942,-22.834694],[-43.107953,-22.834677]],[[-43.107943,-22.834695],[-43.107954,-22.834678]],[[-43.107947,-22.834686],[-43.107947,-22.834685]],[[-43.108141,-22.83444],[-43.108152,-22.834423]],[[-43.108142,-22.834441],[-43.108153,-22.834424]],[[-43.108146,-22.834432],[-43.108146,-22.834431]],[[-43.107721,-22.834546],[-43.107711,-22.834562]],[[-43.10772,-22.834545],[-43.107709,-22.834561]],[[-43.107716,-22.834554],[-43.107716,-22.834555]],[[-43.107878,-22.834267],[-43.107867,-22.834284]],[[-43.107876,-22.834266],[-43.107865,-22.834283]],[[-43.109633,-22.834601],[-43.109652,-22.834612]],[[-43.109633,-22.834603],[-43.109651,-22.834613]],[[-43.109642,-22.834606],[-43.109643,-22.834606]],[[-43.109406,-22.834417],[-43.109424,-22.834427]],[[-43.109405,-22.834419],[-43.109423,-22.834429]],[[-43.109473,-22.834333],[-43.109501,-22.834392]],[[-43.109081,-22.834297],[-43.109099,-22.834308]],[[-43.10908,-22.834299],[-43.109098,-22.834309]],[[-43.107933,-22.833703],[-43.107951,-22.833714]],[[-43.107932,-22.833705],[-43.10795,-22.833715]],[[-43.107942,-22.833708],[-43.107942,-22.833709]],[[-43.108766,-22.834177],[-43.108784,-22.834187]],[[-43.108765,-22.834179],[-43.108783,-22.834189]],[[-43.10889,-22.834004],[-43.108908,-22.834065]],[[-43.10855,-22.834054],[-43.108568,-22.834065]],[[-43.108549,-22.834056],[-43.108567,-22.834066]],[[-43.108559,-22.834059],[-43.108559,-22.83406]],[[-43.108673,-22.833881],[-43.108692,-22.833942]],[[-43.108343,-22.833937],[-43.108362,-22.833947]],[[-43.108342,-22.833939],[-43.10836,-22.833949]],[[-43.108352,-22.833942],[-43.108353,-22.833942]],[[-43.108467,-22.833764],[-43.108486,-22.833825]],[[-43.108142,-22.833822],[-43.10816,-22.833833]],[[-43.108141,-22.833824],[-43.108159,-22.833834]],[[-43.10815,-22.833827],[-43.108151,-22.833827]],[[-43.108265,-22.833649],[-43.108284,-22.83371]],[[-43.110119,-22.834017],[-43.110101,-22.834007]],[[-43.11012,-22.834016],[-43.110102,-22.834005]],[[-43.109737,-22.834007],[-43.109755,-22.834018]],[[-43.109736,-22.834009],[-43.109754,-22.834019]],[[-43.109588,-22.833923],[-43.109606,-22.833933]],[[-43.109587,-22.833924],[-43.109605,-22.833934]],[[-43.109596,-22.833927],[-43.109597,-22.833928]],[[-43.108353,-22.833171],[-43.108371,-22.833182]],[[-43.108352,-22.833173],[-43.10837,-22.833183]],[[-43.108362,-22.833176],[-43.108362,-22.833177]],[[-43.108969,-22.833522],[-43.108987,-22.833532]],[[-43.108968,-22.833523],[-43.108986,-22.833534]],[[-43.108977,-22.833527],[-43.108978,-22.833527]],[[-43.10903,-22.833447],[-43.109055,-22.833494]],[[-43.108764,-22.833405],[-43.108782,-22.833415]],[[-43.108763,-22.833407],[-43.108781,-22.833417]],[[-43.108558,-22.833288],[-43.108576,-22.833298]],[[-43.108557,-22.83329],[-43.108575,-22.8333]],[[-43.108567,-22.833293],[-43.108568,-22.833293]],[[-43.108722,-22.833272],[-43.108747,-22.833318]],[[-43.110278,-22.833678],[-43.110296,-22.833689]],[[-43.110277,-22.83368],[-43.110295,-22.83369]],[[-43.110287,-22.833683],[-43.110287,-22.833684]],[[-43.11012,-22.833588],[-43.110138,-22.833599]],[[-43.110118,-22.83359],[-43.110137,-22.8336]],[[-43.110128,-22.833593],[-43.110129,-22.833594]],[[-43.109878,-22.83345],[-43.109896,-22.83346]],[[-43.109877,-22.833452],[-43.109895,-22.833462]],[[-43.109932,-22.833005],[-43.109914,-22.832995]],[[-43.109933,-22.833003],[-43.109915,-22.832993]],[[-43.109923,-22.833],[-43.109922,-22.833]],[[-43.108795,-22.832835],[-43.108813,-22.832845]],[[-43.108794,-22.832837],[-43.108812,-22.832847]],[[-43.109456,-22.833211],[-43.109474,-22.833221]],[[-43.109455,-22.833213],[-43.109473,-22.833223]],[[-43.109465,-22.833216],[-43.109466,-22.833216]],[[-43.109712,-22.833142],[-43.109567,-22.833059]],[[-43.109712,-22.833142],[-43.109567,-22.83306]],[[-43.109567,-22.833059],[-43.109466,-22.833216]],[[-43.109567,-22.83306],[-43.109466,-22.833217]],[[-43.109233,-22.833084],[-43.109251,-22.833094]],[[-43.109232,-22.833086],[-43.10925,-22.833096]],[[-43.109032,-22.83297],[-43.10905,-22.83298]],[[-43.109031,-22.832971],[-43.109049,-22.832982]],[[-43.10904,-22.832975],[-43.109041,-22.832975]],[[-43.109931,-22.838101],[-43.109957,-22.838116],[-43.109941,-22.838139],[-43.109916,-22.838125],[-43.109931,-22.838101]],[[-43.109941,-22.838113],[-43.109944,-22.838115],[-43.109946,-22.838119],[-43.109946,-22.838122],[-43.109945,-22.838126],[-43.109942,-22.838129],[-43.109938,-22.83813],[-43.109934,-22.83813],[-43.10993,-22.838129],[-43.109927,-22.838126],[-43.109926,-22.838123],[-43.109925,-22.838119],[-43.109927,-22.838116],[-43.109929,-22.838113],[-43.109933,-22.838111],[-43.109937,-22.838111],[-43.109941,-22.838113]],[[-43.109925,-22.838123],[-43.109946,-22.838119]],[[-43.109934,-22.838111],[-43.109937,-22.83813]],[[-43.109927,-22.838111],[-43.109922,-22.838118]],[[-43.109949,-22.838123],[-43.109944,-22.838131]],[[-43.110159,-22.837607],[-43.11017,-22.837591]],[[-43.110161,-22.837609],[-43.110172,-22.837592]],[[-43.10994,-22.837947],[-43.109939,-22.837948]],[[-43.109934,-22.837956],[-43.109945,-22.837939]],[[-43.109936,-22.837957],[-43.109947,-22.83794]],[[-43.109606,-22.83844],[-43.109631,-22.838454],[-43.109616,-22.838478],[-43.109591,-22.838464],[-43.109606,-22.83844]],[[-43.109616,-22.838451],[-43.109618,-22.838454],[-43.10962,-22.838457],[-43.10962,-22.838461],[-43.109619,-22.838464],[-43.109616,-22.838467],[-43.109613,-22.838469],[-43.109609,-22.838469],[-43.109605,-22.838468],[-43.109602,-22.838465],[-43.1096,-22.838462],[-43.1096,-22.838458],[-43.109601,-22.838454],[-43.109604,-22.838452],[-43.109608,-22.83845],[-43.109612,-22.83845],[-43.109616,-22.838451]],[[-43.1096,-22.838462],[-43.10962,-22.838457]],[[-43.109609,-22.83845],[-43.109612,-22.838469]],[[-43.109602,-22.83845],[-43.109597,-22.838457]],[[-43.109624,-22.838462],[-43.109619,-22.838469]],[[-43.109521,-22.838571],[-43.109546,-22.838586],[-43.109531,-22.83861],[-43.109506,-22.838595],[-43.109521,-22.838571]],[[-43.109531,-22.838583],[-43.109534,-22.838585],[-43.109535,-22.838589],[-43.109535,-22.838592],[-43.109534,-22.838596],[-43.109532,-22.838599],[-43.109528,-22.8386],[-43.109524,-22.8386],[-43.10952,-22.838599],[-43.109517,-22.838596],[-43.109515,-22.838593],[-43.109515,-22.838589],[-43.109516,-22.838586],[-43.109519,-22.838583],[-43.109523,-22.838581],[-43.109527,-22.838581],[-43.109531,-22.838583]],[[-43.109515,-22.838593],[-43.109535,-22.838589]],[[-43.109524,-22.838581],[-43.109527,-22.8386]],[[-43.109517,-22.838581],[-43.109512,-22.838588]],[[-43.109539,-22.838594],[-43.109534,-22.838601]],[[-43.109547,-22.838665],[-43.109572,-22.838679],[-43.109557,-22.838702],[-43.109531,-22.838688],[-43.109547,-22.838665]],[[-43.109556,-22.838676],[-43.109559,-22.838679],[-43.109561,-22.838682],[-43.109561,-22.838686],[-43.10956,-22.838689],[-43.109557,-22.838692],[-43.109553,-22.838694],[-43.10955,-22.838694],[-43.109545,-22.838692],[-43.109543,-22.83869],[-43.109541,-22.838686],[-43.109541,-22.838683],[-43.109542,-22.838679],[-43.109545,-22.838676],[-43.109548,-22.838675],[-43.109552,-22.838675],[-43.109556,-22.838676]],[[-43.109541,-22.838686],[-43.109561,-22.838682]],[[-43.109549,-22.838674],[-43.109552,-22.838694]],[[-43.109542,-22.838674],[-43.109538,-22.838682]],[[-43.109564,-22.838687],[-43.109559,-22.838694]],[[-43.109192,-22.839214],[-43.109217,-22.839229],[-43.109202,-22.839252],[-43.109177,-22.839238],[-43.109192,-22.839214]],[[-43.109201,-22.839225],[-43.109205,-22.839228],[-43.109206,-22.839231],[-43.109207,-22.839235],[-43.109205,-22.839239],[-43.109203,-22.839241],[-43.109199,-22.839243],[-43.109195,-22.839243],[-43.109191,-22.839242],[-43.109188,-22.839239],[-43.109186,-22.839236],[-43.109186,-22.839232],[-43.109187,-22.839228],[-43.10919,-22.839226],[-43.109194,-22.839224],[-43.109198,-22.839224],[-43.109201,-22.839225]],[[-43.109186,-22.839236],[-43.109206,-22.839232]],[[-43.109194,-22.839224],[-43.109198,-22.839243]],[[-43.109188,-22.839224],[-43.109183,-22.839231]],[[-43.109209,-22.839236],[-43.109205,-22.839244]],[[-43.108893,-22.839677],[-43.108919,-22.839691],[-43.108904,-22.839714],[-43.108878,-22.8397],[-43.108893,-22.839677]],[[-43.108903,-22.839688],[-43.108906,-22.83969],[-43.108908,-22.839694],[-43.108908,-22.839698],[-43.108907,-22.839701],[-43.108904,-22.839704],[-43.1089,-22.839705],[-43.108896,-22.839706],[-43.108892,-22.839704],[-43.108889,-22.839702],[-43.108888,-22.839698],[-43.108887,-22.839694],[-43.108889,-22.839691],[-43.108891,-22.839688],[-43.108895,-22.839686],[-43.108899,-22.839686],[-43.108903,-22.839688]],[[-43.108888,-22.839698],[-43.108908,-22.839694]],[[-43.108896,-22.839686],[-43.108899,-22.839706]],[[-43.108889,-22.839686],[-43.108884,-22.839693]],[[-43.108911,-22.839698],[-43.108906,-22.839706]],[[-43.108572,-22.839793],[-43.108598,-22.839808],[-43.108583,-22.839831],[-43.108557,-22.839817],[-43.108572,-22.839793]],[[-43.108582,-22.839805],[-43.108585,-22.839807],[-43.108587,-22.839811],[-43.108587,-22.839814],[-43.108586,-22.839818],[-43.108583,-22.839821],[-43.108579,-22.839822],[-43.108575,-22.839822],[-43.108572,-22.839821],[-43.108569,-22.839819],[-43.108567,-22.839815],[-43.108567,-22.839811],[-43.108568,-22.839808],[-43.108571,-22.839805],[-43.108574,-22.839804],[-43.108578,-22.839803],[-43.108582,-22.839805]],[[-43.108567,-22.839815],[-43.108587,-22.839811]],[[-43.108576,-22.839803],[-43.108578,-22.839822]],[[-43.108568,-22.839803],[-43.108564,-22.83981]],[[-43.10859,-22.839815],[-43.108585,-22.839822]],[[-43.107901,-22.839863],[-43.107927,-22.839878],[-43.107912,-22.839901],[-43.107886,-22.839887],[-43.107901,-22.839863]],[[-43.107911,-22.839875],[-43.107914,-22.839877],[-43.107916,-22.839881],[-43.107916,-22.839885],[-43.107915,-22.839888],[-43.107912,-22.839891],[-43.107908,-22.839892],[-43.107904,-22.839892],[-43.107901,-22.839891],[-43.107898,-22.839889],[-43.107896,-22.839885],[-43.107896,-22.839881],[-43.107897,-22.839878],[-43.1079,-22.839875],[-43.107903,-22.839874],[-43.107908,-22.839874],[-43.107911,-22.839875]],[[-43.107896,-22.839885],[-43.107916,-22.839881]],[[-43.107905,-22.839873],[-43.107907,-22.839893]],[[-43.107897,-22.839873],[-43.107892,-22.83988]],[[-43.107919,-22.839885],[-43.107914,-22.839893]],[[-43.108028,-22.840256],[-43.108028,-22.840255]],[[-43.108029,-22.839692],[-43.108029,-22.839691]],[[-43.10646,-22.838924],[-43.10654,-22.838799]],[[-43.10646,-22.838924],[-43.106541,-22.838799]],[[-43.106471,-22.838603],[-43.106497,-22.838618],[-43.106481,-22.838641],[-43.106456,-22.838627],[-43.106471,-22.838603]],[[-43.106481,-22.838615],[-43.106484,-22.838617],[-43.106486,-22.838621],[-43.106486,-22.838624],[-43.106485,-22.838628],[-43.106482,-22.838631],[-43.106478,-22.838632],[-43.106474,-22.838632],[-43.10647,-22.838631],[-43.106467,-22.838629],[-43.106466,-22.838625],[-43.106465,-22.838621],[-43.106467,-22.838618],[-43.106469,-22.838615],[-43.106473,-22.838613],[-43.106477,-22.838613],[-43.106481,-22.838615]],[[-43.106466,-22.838625],[-43.106486,-22.838621]],[[-43.106474,-22.838613],[-43.106477,-22.838633]],[[-43.106467,-22.838613],[-43.106462,-22.83862]],[[-43.106489,-22.838625],[-43.106484,-22.838633]],[[-43.10638,-22.838305],[-43.106776,-22.83853]],[[-43.106381,-22.838304],[-43.106777,-22.838529]],[[-43.106884,-22.837585],[-43.106909,-22.8376],[-43.106894,-22.837623],[-43.106869,-22.837608],[-43.106884,-22.837585]],[[-43.106894,-22.837596],[-43.106897,-22.837599],[-43.106898,-22.837602],[-43.106898,-22.837606],[-43.106897,-22.83761],[-43.106894,-22.837612],[-43.106891,-22.837614],[-43.106887,-22.837614],[-43.106883,-22.837613],[-43.10688,-22.83761],[-43.106878,-22.837607],[-43.106878,-22.837603],[-43.106879,-22.837599],[-43.106882,-22.837597],[-43.106886,-22.837595],[-43.10689,-22.837595],[-43.106894,-22.837596]],[[-43.106878,-22.837607],[-43.106898,-22.837602]],[[-43.106887,-22.837595],[-43.10689,-22.837614]],[[-43.10688,-22.837594],[-43.106875,-22.837602]],[[-43.106902,-22.837607],[-43.106897,-22.837614]],[[-43.106812,-22.837697],[-43.106837,-22.837711],[-43.106822,-22.837735],[-43.106796,-22.83772],[-43.106812,-22.837697]],[[-43.106822,-22.837708],[-43.106825,-22.83771],[-43.106826,-22.837714],[-43.106826,-22.837718],[-43.106825,-22.837722],[-43.106822,-22.837724],[-43.106819,-22.837726],[-43.106815,-22.837726],[-43.106811,-22.837725],[-43.106808,-22.837722],[-43.106806,-22.837719],[-43.106806,-22.837715],[-43.106807,-22.837711],[-43.10681,-22.837708],[-43.106814,-22.837707],[-43.106818,-22.837707],[-43.106822,-22.837708]],[[-43.106806,-22.837718],[-43.106826,-22.837714]],[[-43.106815,-22.837707],[-43.106818,-22.837726]],[[-43.106807,-22.837706],[-43.106803,-22.837714]],[[-43.106829,-22.837719],[-43.106825,-22.837726]],[[-43.107212,-22.837942],[-43.107164,-22.838016]],[[-43.107213,-22.837942],[-43.107164,-22.838016]],[[-43.107014,-22.837217],[-43.10704,-22.837232],[-43.107025,-22.837255],[-43.106999,-22.837241],[-43.107014,-22.837217]],[[-43.107024,-22.837228],[-43.107027,-22.837231],[-43.107029,-22.837235],[-43.107029,-22.837238],[-43.107028,-22.837242],[-43.107025,-22.837245],[-43.107021,-22.837246],[-43.107017,-22.837246],[-43.107013,-22.837245],[-43.107011,-22.837243],[-43.107009,-22.837239],[-43.107009,-22.837235],[-43.10701,-22.837231],[-43.107013,-22.837229],[-43.107016,-22.837227],[-43.10702,-22.837227],[-43.107024,-22.837228]],[[-43.107009,-22.837239],[-43.107029,-22.837235]],[[-43.107017,-22.837227],[-43.10702,-22.837246]],[[-43.10701,-22.837227],[-43.107005,-22.837234]],[[-43.107032,-22.837239],[-43.107027,-22.837246]],[[-43.107345,-22.836783],[-43.10737,-22.836798],[-43.107355,-22.836821],[-43.10733,-22.836807],[-43.107345,-22.836783]],[[-43.107354,-22.836794],[-43.107358,-22.836797],[-43.107359,-22.8368],[-43.10736,-22.836804],[-43.107358,-22.836808],[-43.107356,-22.836811],[-43.107352,-22.836812],[-43.107348,-22.836812],[-43.107344,-22.836811],[-43.107341,-22.836808],[-43.107339,-22.836805],[-43.107339,-22.836801],[-43.10734,-22.836798],[-43.107343,-22.836795],[-43.107347,-22.836793],[-43.107351,-22.836793],[-43.107354,-22.836794]],[[-43.107339,-22.836805],[-43.10736,-22.836801]],[[-43.107348,-22.836793],[-43.10735,-22.836812]],[[-43.107341,-22.836793],[-43.107336,-22.8368]],[[-43.107363,-22.836805],[-43.107358,-22.836813]],[[-43.107506,-22.836462],[-43.107532,-22.836476],[-43.107517,-22.8365],[-43.107491,-22.836485],[-43.107506,-22.836462]],[[-43.107516,-22.836473],[-43.107519,-22.836475],[-43.107521,-22.836479],[-43.107521,-22.836483],[-43.10752,-22.836486],[-43.107517,-22.836489],[-43.107514,-22.836491],[-43.107509,-22.836491],[-43.107506,-22.836489],[-43.107503,-22.836487],[-43.107501,-22.836483],[-43.107501,-22.83648],[-43.107502,-22.836476],[-43.107505,-22.836473],[-43.107509,-22.836472],[-43.107513,-22.836472],[-43.107516,-22.836473]],[[-43.107501,-22.836483],[-43.107521,-22.836479]],[[-43.10751,-22.836472],[-43.107512,-22.836491]],[[-43.107502,-22.836471],[-43.107498,-22.836479]],[[-43.107524,-22.836484],[-43.107519,-22.836491]],[[-43.107277,-22.835183],[-43.107303,-22.835198],[-43.107287,-22.835221],[-43.107262,-22.835207],[-43.107277,-22.835183]],[[-43.107287,-22.835194],[-43.10729,-22.835197],[-43.107292,-22.8352],[-43.107292,-22.835204],[-43.107291,-22.835208],[-43.107288,-22.835211],[-43.107284,-22.835212],[-43.10728,-22.835212],[-43.107276,-22.835211],[-43.107273,-22.835208],[-43.107272,-22.835205],[-43.107271,-22.835201],[-43.107273,-22.835198],[-43.107275,-22.835195],[-43.107279,-22.835193],[-43.107283,-22.835193],[-43.107287,-22.835194]],[[-43.107271,-22.835205],[-43.107291,-22.835201]],[[-43.10728,-22.835193],[-43.107283,-22.835212]],[[-43.107273,-22.835193],[-43.107268,-22.8352]],[[-43.107295,-22.835205],[-43.10729,-22.835212]],[[-43.107963,-22.835573],[-43.107988,-22.835587],[-43.107972,-22.835611],[-43.107947,-22.835597],[-43.107963,-22.835573]],[[-43.107972,-22.835584],[-43.107975,-22.835587],[-43.107977,-22.83559],[-43.107977,-22.835594],[-43.107976,-22.835597],[-43.107973,-22.835601],[-43.107969,-22.835602],[-43.107965,-22.835602],[-43.107961,-22.835601],[-43.107958,-22.835598],[-43.107957,-22.835595],[-43.107956,-22.835591],[-43.107958,-22.835587],[-43.107961,-22.835585],[-43.107964,-22.835583],[-43.107968,-22.835583],[-43.107972,-22.835584]],[[-43.107957,-22.835595],[-43.107977,-22.83559]],[[-43.107965,-22.835583],[-43.107968,-22.835602]],[[-43.107958,-22.835583],[-43.107954,-22.83559]],[[-43.10798,-22.835595],[-43.107975,-22.835602]],[[-43.107717,-22.836381],[-43.107743,-22.836395],[-43.107728,-22.836418],[-43.107702,-22.836404],[-43.107717,-22.836381]],[[-43.107727,-22.836392],[-43.10773,-22.836394],[-43.107732,-22.836398],[-43.107732,-22.836402],[-43.107731,-22.836405],[-43.107728,-22.836408],[-43.107724,-22.83641],[-43.10772,-22.83641],[-43.107717,-22.836408],[-43.107714,-22.836406],[-43.107712,-22.836402],[-43.107712,-22.836399],[-43.107713,-22.836395],[-43.107716,-22.836392],[-43.107719,-22.836391],[-43.107724,-22.836391],[-43.107727,-22.836392]],[[-43.107712,-22.836402],[-43.107732,-22.836398]],[[-43.107721,-22.83639],[-43.107723,-22.83641]],[[-43.107713,-22.83639],[-43.107708,-22.836398]],[[-43.107735,-22.836402],[-43.10773,-22.83641]],[[-43.108404,-22.836771],[-43.108429,-22.836785],[-43.108414,-22.836809],[-43.108389,-22.836794],[-43.108404,-22.836771]],[[-43.108414,-22.836782],[-43.108416,-22.836785],[-43.108418,-22.836788],[-43.108418,-22.836792],[-43.108417,-22.836796],[-43.108414,-22.836798],[-43.108411,-22.8368],[-43.108407,-22.8368],[-43.108403,-22.836799],[-43.1084,-22.836796],[-43.108398,-22.836793],[-43.108398,-22.836789],[-43.108399,-22.836785],[-43.108402,-22.836783],[-43.108406,-22.836781],[-43.10841,-22.836781],[-43.108414,-22.836782]],[[-43.108398,-22.836793],[-43.108418,-22.836788]],[[-43.108407,-22.836781],[-43.10841,-22.8368]],[[-43.1084,-22.83678],[-43.108395,-22.836788]],[[-43.108421,-22.836793],[-43.108417,-22.8368]],[[-43.107947,-22.83693],[-43.108097,-22.837016]],[[-43.107947,-22.83693],[-43.108098,-22.837015],[-43.108097,-22.837016]],[[-43.108227,-22.83559],[-43.108253,-22.835605],[-43.108238,-22.835629],[-43.108212,-22.835614],[-43.108227,-22.83559]],[[-43.108237,-22.835602],[-43.10824,-22.835604],[-43.108242,-22.835608],[-43.108242,-22.835611],[-43.108241,-22.835615],[-43.108238,-22.835618],[-43.108235,-22.835619],[-43.10823,-22.83562],[-43.108227,-22.835618],[-43.108224,-22.835616],[-43.108222,-22.835612],[-43.108222,-22.835609],[-43.108223,-22.835605],[-43.108226,-22.835602],[-43.10823,-22.8356],[-43.108234,-22.8356],[-43.108237,-22.835602]],[[-43.108222,-22.835612],[-43.108242,-22.835608]],[[-43.10823,-22.835601],[-43.108233,-22.83562]],[[-43.108223,-22.8356],[-43.108219,-22.835607]],[[-43.108245,-22.835613],[-43.10824,-22.83562]],[[-43.109052,-22.835303],[-43.109063,-22.835286]],[[-43.109054,-22.835303],[-43.109064,-22.835287]],[[-43.109057,-22.835294],[-43.109058,-22.835294]],[[-43.1094,-22.835689],[-43.109426,-22.835704],[-43.10941,-22.835728],[-43.109385,-22.835713],[-43.1094,-22.835689]],[[-43.10941,-22.835701],[-43.109413,-22.835703],[-43.109415,-22.835707],[-43.109415,-22.83571],[-43.109414,-22.835714],[-43.109411,-22.835717],[-43.109407,-22.835719],[-43.109403,-22.835719],[-43.109399,-22.835717],[-43.109396,-22.835715],[-43.109395,-22.835711],[-43.109394,-22.835707],[-43.109396,-22.835704],[-43.109398,-22.835701],[-43.109402,-22.8357],[-43.109406,-22.835699],[-43.10941,-22.835701]],[[-43.109395,-22.835711],[-43.109415,-22.835707]],[[-43.109403,-22.835699],[-43.109406,-22.835719]],[[-43.109396,-22.835699],[-43.109391,-22.835706]],[[-43.109418,-22.835712],[-43.109413,-22.835719]],[[-43.109878,-22.835415],[-43.109731,-22.835332]],[[-43.109877,-22.835415],[-43.109731,-22.835332]],[[-43.109859,-22.835445],[-43.109878,-22.835416]],[[-43.109858,-22.835445],[-43.109877,-22.835415]],[[-43.109878,-22.835416],[-43.109878,-22.835415]],[[-43.108842,-22.834549],[-43.108868,-22.834563],[-43.108853,-22.834587],[-43.108827,-22.834572],[-43.108842,-22.834549]],[[-43.108852,-22.83456],[-43.108855,-22.834563],[-43.108857,-22.834566],[-43.108857,-22.83457],[-43.108856,-22.834574],[-43.108853,-22.834576],[-43.10885,-22.834578],[-43.108846,-22.834578],[-43.108842,-22.834577],[-43.108839,-22.834574],[-43.108837,-22.834571],[-43.108837,-22.834567],[-43.108838,-22.834563],[-43.108841,-22.834561],[-43.108845,-22.834559],[-43.108849,-22.834559],[-43.108852,-22.83456]],[[-43.108837,-22.834571],[-43.108857,-22.834566]],[[-43.108846,-22.834559],[-43.108848,-22.834578]],[[-43.108838,-22.834558],[-43.108833,-22.834566]],[[-43.108861,-22.834571],[-43.108856,-22.834579]],[[-43.109137,-22.834093],[-43.109162,-22.834107],[-43.109147,-22.834131],[-43.109122,-22.834117],[-43.109137,-22.834093]],[[-43.109147,-22.834104],[-43.10915,-22.834107],[-43.109151,-22.83411],[-43.109152,-22.834114],[-43.10915,-22.834118],[-43.109147,-22.83412],[-43.109144,-22.834122],[-43.10914,-22.834122],[-43.109136,-22.834121],[-43.109133,-22.834118],[-43.109131,-22.834115],[-43.109131,-22.834111],[-43.109132,-22.834108],[-43.109135,-22.834105],[-43.109139,-22.834103],[-43.109143,-22.834103],[-43.109147,-22.834104]],[[-43.109131,-22.834115],[-43.109151,-22.83411]],[[-43.10914,-22.834103],[-43.109143,-22.834122]],[[-43.109133,-22.834103],[-43.109128,-22.83411]],[[-43.109155,-22.834115],[-43.10915,-22.834122]],[[-43.109836,-22.833854],[-43.109854,-22.833865]],[[-43.109835,-22.833856],[-43.109853,-22.833866]],[[-43.11011,-22.834012],[-43.110111,-22.834011]],[[-43.109497,-22.83345],[-43.109522,-22.833464],[-43.109506,-22.833488],[-43.109481,-22.833474],[-43.109497,-22.83345]],[[-43.109506,-22.833461],[-43.109509,-22.833464],[-43.109511,-22.833467],[-43.109511,-22.833471],[-43.10951,-22.833474],[-43.109507,-22.833478],[-43.109503,-22.833479],[-43.109499,-22.833479],[-43.109496,-22.833478],[-43.109492,-22.833475],[-43.109491,-22.833472],[-43.10949,-22.833468],[-43.109492,-22.833464],[-43.109495,-22.833462],[-43.109498,-22.83346],[-43.109502,-22.83346],[-43.109506,-22.833461]],[[-43.109491,-22.833472],[-43.109511,-22.833468]],[[-43.109499,-22.83346],[-43.109503,-22.833479]],[[-43.109492,-22.83346],[-43.109488,-22.833467]],[[-43.109514,-22.833472],[-43.109509,-22.833479]],[[-43.109748,-22.833146],[-43.109774,-22.83316],[-43.109759,-22.833184],[-43.109733,-22.833169],[-43.109748,-22.833146]],[[-43.109758,-22.833157],[-43.109761,-22.83316],[-43.109763,-22.833163],[-43.109763,-22.833167],[-43.109762,-22.83317],[-43.109759,-22.833173],[-43.109755,-22.833175],[-43.109751,-22.833175],[-43.109748,-22.833173],[-43.109745,-22.833171],[-43.109743,-22.833167],[-43.109743,-22.833164],[-43.109744,-22.83316],[-43.109747,-22.833157],[-43.10975,-22.833156],[-43.109754,-22.833156],[-43.109758,-22.833157]],[[-43.109743,-22.833167],[-43.109763,-22.833163]],[[-43.109752,-22.833155],[-43.109754,-22.833175]],[[-43.109744,-22.833155],[-43.109739,-22.833163]],[[-43.109766,-22.833168],[-43.109762,-22.833175]],[[-43.10983,-22.833123],[-43.109848,-22.833134]],[[-43.109829,-22.833125],[-43.109847,-22.833135]],[[-43.110129,-22.833594],[-43.110018,-22.833531]],[[-43.110018,-22.833531],[-43.109887,-22.833456]],[[-43.110129,-22.833594],[-43.109887,-22.833457]],[[-43.110018,-22.833531],[-43.11012,-22.833374]],[[-43.110018,-22.833531],[-43.11012,-22.833373]],[[-43.109887,-22.833456],[-43.109887,-22.833457],[-43.109887,-22.833456]],[[-43.107736,-22.833855],[-43.107762,-22.833869],[-43.107746,-22.833893],[-43.107721,-22.833878],[-43.107736,-22.833855]],[[-43.107746,-22.833866],[-43.107749,-22.833868],[-43.10775,-22.833872],[-43.107751,-22.833876],[-43.107749,-22.833879],[-43.107747,-22.833882],[-43.107743,-22.833884],[-43.107739,-22.833884],[-43.107735,-22.833882],[-43.107732,-22.83388],[-43.10773,-22.833876],[-43.10773,-22.833873],[-43.107732,-22.833869],[-43.107734,-22.833866],[-43.107738,-22.833865],[-43.107742,-22.833864],[-43.107746,-22.833866]],[[-43.10773,-22.833876],[-43.107751,-22.833872]],[[-43.107739,-22.833865],[-43.107742,-22.833884]],[[-43.107732,-22.833864],[-43.107727,-22.833872]],[[-43.107754,-22.833877],[-43.107749,-22.833884]],[[-43.108702,-22.834404],[-43.108728,-22.834419],[-43.108712,-22.834443],[-43.108687,-22.834428],[-43.108702,-22.834404]],[[-43.108712,-22.834416],[-43.108715,-22.834418],[-43.108717,-22.834422],[-43.108717,-22.834425],[-43.108716,-22.834429],[-43.108713,-22.834432],[-43.108709,-22.834433],[-43.108705,-22.834434],[-43.108701,-22.834432],[-43.108698,-22.83443],[-43.108697,-22.834426],[-43.108696,-22.834422],[-43.108698,-22.834419],[-43.1087,-22.834416],[-43.108704,-22.834414],[-43.108708,-22.834414],[-43.108712,-22.834416]],[[-43.108696,-22.834426],[-43.108717,-22.834422]],[[-43.108705,-22.834415],[-43.108708,-22.834434]],[[-43.108698,-22.834414],[-43.108693,-22.834421]],[[-43.10872,-22.834427],[-43.108715,-22.834434]],[[-43.108773,-22.83341],[-43.10867,-22.833352]],[[-43.10867,-22.833351],[-43.108568,-22.833293]],[[-43.108567,-22.833294],[-43.108773,-22.833411],[-43.108773,-22.83341]],[[-43.108967,-22.833995],[-43.108992,-22.834009],[-43.108977,-22.834033],[-43.108951,-22.834018],[-43.108967,-22.833995]],[[-43.108977,-22.834006],[-43.108979,-22.834009],[-43.108981,-22.834012],[-43.108981,-22.834016],[-43.10898,-22.834019],[-43.108977,-22.834022],[-43.108974,-22.834024],[-43.10897,-22.834024],[-43.108966,-22.834022],[-43.108962,-22.83402],[-43.108961,-22.834016],[-43.108961,-22.834013],[-43.108962,-22.834009],[-43.108965,-22.834006],[-43.108969,-22.834005],[-43.108972,-22.834005],[-43.108977,-22.834006]],[[-43.108961,-22.834016],[-43.108981,-22.834012]],[[-43.10897,-22.834005],[-43.108973,-22.834024]],[[-43.108962,-22.834004],[-43.108958,-22.834012]],[[-43.108984,-22.834017],[-43.10898,-22.834024]],[[-43.109275,-22.833518],[-43.1093,-22.833532],[-43.109285,-22.833556],[-43.109259,-22.833541],[-43.109275,-22.833518]],[[-43.109285,-22.833529],[-43.109287,-22.833531],[-43.109289,-22.833535],[-43.109289,-22.833539],[-43.109288,-22.833542],[-43.109285,-22.833545],[-43.109282,-22.833547],[-43.109278,-22.833547],[-43.109274,-22.833545],[-43.109271,-22.833543],[-43.109269,-22.833539],[-43.109269,-22.833535],[-43.10927,-22.833532],[-43.109273,-22.833529],[-43.109277,-22.833528],[-43.10928,-22.833527],[-43.109285,-22.833529]],[[-43.109269,-22.833539],[-43.109289,-22.833535]],[[-43.109278,-22.833527],[-43.109281,-22.833547]],[[-43.10927,-22.833527],[-43.109266,-22.833535]],[[-43.109292,-22.83354],[-43.109288,-22.833547]],[[-43.109577,-22.833048],[-43.109603,-22.833063],[-43.109588,-22.833086],[-43.109562,-22.833072],[-43.109577,-22.833048]],[[-43.109587,-22.83306],[-43.10959,-22.833062],[-43.109592,-22.833066],[-43.109592,-22.83307],[-43.109591,-22.833073],[-43.109588,-22.833076],[-43.109585,-22.833077],[-43.10958,-22.833077],[-43.109577,-22.833076],[-43.109573,-22.833073],[-43.109572,-22.83307],[-43.109572,-22.833066],[-43.109573,-22.833063],[-43.109575,-22.83306],[-43.109579,-22.833059],[-43.109583,-22.833058],[-43.109587,-22.83306]],[[-43.109572,-22.83307],[-43.109592,-22.833066]],[[-43.109581,-22.833058],[-43.109583,-22.833078]],[[-43.109573,-22.833058],[-43.109568,-22.833065]],[[-43.109595,-22.83307],[-43.10959,-22.833078]],[[-43.109466,-22.833216],[-43.108805,-22.83284]],[[-43.109466,-22.833217],[-43.108805,-22.832841]],[[-43.109077,-22.837848],[-43.109103,-22.837862],[-43.109087,-22.837886],[-43.109062,-22.837871],[-43.109077,-22.837848]],[[-43.109087,-22.837859],[-43.10909,-22.837862],[-43.109092,-22.837865],[-43.109092,-22.837869],[-43.10909,-22.837872],[-43.109088,-22.837875],[-43.109084,-22.837877],[-43.10908,-22.837877],[-43.109076,-22.837876],[-43.109073,-22.837873],[-43.109071,-22.83787],[-43.109071,-22.837866],[-43.109073,-22.837862],[-43.109076,-22.837859],[-43.109079,-22.837858],[-43.109083,-22.837858],[-43.109087,-22.837859]],[[-43.109072,-22.837869],[-43.109092,-22.837865]],[[-43.10908,-22.837858],[-43.109083,-22.837877]],[[-43.109073,-22.837857],[-43.109068,-22.837865]],[[-43.109095,-22.83787],[-43.10909,-22.837877]],[[-43.109053,-22.83799],[-43.109078,-22.838005],[-43.109063,-22.838028],[-43.109038,-22.838014],[-43.109053,-22.83799]],[[-43.109063,-22.838001],[-43.109066,-22.838004],[-43.109068,-22.838007],[-43.109068,-22.838011],[-43.109066,-22.838015],[-43.109064,-22.838018],[-43.10906,-22.838019],[-43.109056,-22.838019],[-43.109052,-22.838018],[-43.109049,-22.838015],[-43.109047,-22.838012],[-43.109047,-22.838008],[-43.109049,-22.838005],[-43.109051,-22.838002],[-43.109055,-22.838],[-43.109059,-22.838],[-43.109063,-22.838001]],[[-43.109047,-22.838012],[-43.109068,-22.838008]],[[-43.109056,-22.838],[-43.109059,-22.83802]],[[-43.109049,-22.838],[-43.109044,-22.838007]],[[-43.109071,-22.838012],[-43.109066,-22.83802]],[[-43.109128,-22.837234],[-43.109153,-22.837248],[-43.109138,-22.837271],[-43.109113,-22.837257],[-43.109128,-22.837234]],[[-43.109138,-22.837245],[-43.109141,-22.837248],[-43.109143,-22.837251],[-43.109143,-22.837255],[-43.109141,-22.837258],[-43.109139,-22.837261],[-43.109135,-22.837263],[-43.109131,-22.837263],[-43.109127,-22.837261],[-43.109124,-22.837259],[-43.109122,-22.837255],[-43.109122,-22.837252],[-43.109124,-22.837248],[-43.109126,-22.837245],[-43.10913,-22.837244],[-43.109134,-22.837244],[-43.109138,-22.837245]],[[-43.109122,-22.837255],[-43.109143,-22.837251]],[[-43.109131,-22.837243],[-43.109134,-22.837263]],[[-43.109124,-22.837243],[-43.109119,-22.83725]],[[-43.109146,-22.837256],[-43.109141,-22.837263]],[[-43.10923,-22.837241],[-43.109255,-22.837255],[-43.10924,-22.837279],[-43.109214,-22.837264],[-43.10923,-22.837241]],[[-43.10924,-22.837252],[-43.109242,-22.837255],[-43.109244,-22.837258],[-43.109244,-22.837262],[-43.109243,-22.837265],[-43.10924,-22.837268],[-43.109237,-22.83727],[-43.109232,-22.83727],[-43.109229,-22.837269],[-43.109225,-22.837266],[-43.109224,-22.837263],[-43.109223,-22.837259],[-43.109225,-22.837255],[-43.109228,-22.837252],[-43.109232,-22.837251],[-43.109235,-22.837251],[-43.10924,-22.837252]],[[-43.109224,-22.837262],[-43.109244,-22.837258]],[[-43.109233,-22.837251],[-43.109236,-22.83727]],[[-43.109225,-22.837251],[-43.109221,-22.837258]],[[-43.109247,-22.837263],[-43.109243,-22.83727]],[[-43.109213,-22.837085],[-43.109238,-22.837099],[-43.109223,-22.837123],[-43.109198,-22.837108],[-43.109213,-22.837085]],[[-43.109223,-22.837096],[-43.109226,-22.837099],[-43.109227,-22.837102],[-43.109228,-22.837106],[-43.109226,-22.837109],[-43.109224,-22.837112],[-43.10922,-22.837114],[-43.109216,-22.837114],[-43.109212,-22.837112],[-43.109209,-22.83711],[-43.109207,-22.837106],[-43.109207,-22.837102],[-43.109209,-22.837099],[-43.109211,-22.837096],[-43.109215,-22.837095],[-43.109219,-22.837095],[-43.109223,-22.837096]],[[-43.109207,-22.837106],[-43.109227,-22.837102]],[[-43.109216,-22.837095],[-43.109219,-22.837114]],[[-43.109209,-22.837094],[-43.109204,-22.837102]],[[-43.109231,-22.837107],[-43.109226,-22.837114]],[[-43.109194,-22.837723],[-43.109165,-22.837707]],[[-43.109207,-22.837245],[-43.108842,-22.83781]],[[-43.109207,-22.837245],[-43.108842,-22.83781]],[[-43.109179,-22.837262],[-43.109204,-22.837277],[-43.109189,-22.8373],[-43.109164,-22.837285],[-43.109179,-22.837262]],[[-43.109189,-22.837273],[-43.109192,-22.837276],[-43.109193,-22.837279],[-43.109194,-22.837283],[-43.109192,-22.837287],[-43.10919,-22.837289],[-43.109186,-22.837291],[-43.109182,-22.837291],[-43.109178,-22.83729],[-43.109175,-22.837287],[-43.109173,-22.837284],[-43.109173,-22.83728],[-43.109175,-22.837277],[-43.109177,-22.837274],[-43.109181,-22.837272],[-43.109185,-22.837272],[-43.109189,-22.837273]],[[-43.109173,-22.837284],[-43.109193,-22.837279]],[[-43.109182,-22.837272],[-43.109185,-22.837291]],[[-43.109175,-22.837272],[-43.10917,-22.837279]],[[-43.109197,-22.837284],[-43.109192,-22.837292]],[[-43.109052,-22.83714],[-43.109077,-22.837154],[-43.109062,-22.837178],[-43.109036,-22.837163],[-43.109052,-22.83714]],[[-43.109061,-22.837151],[-43.109065,-22.837153],[-43.109066,-22.837157],[-43.109066,-22.837161],[-43.109065,-22.837164],[-43.109062,-22.837167],[-43.109058,-22.837168],[-43.109055,-22.837169],[-43.109051,-22.837167],[-43.109048,-22.837165],[-43.109046,-22.837161],[-43.109046,-22.837158],[-43.109047,-22.837154],[-43.10905,-22.837151],[-43.109053,-22.837149],[-43.109058,-22.837149],[-43.109061,-22.837151]],[[-43.109046,-22.837161],[-43.109066,-22.837157]],[[-43.109054,-22.83715],[-43.109057,-22.837169]],[[-43.109047,-22.837149],[-43.109043,-22.837157]],[[-43.109069,-22.837162],[-43.109065,-22.837169]]]}},{"type":"Feature","properties":{"layer":"agua"},"geometry":{"type":"MultiLineString","coordinates":[[[-43.109404,-22.838996],[-43.1094,-22.838999],[-43.109396,-22.839001]],[[-43.109377,-22.838991],[-43.109377,-22.838986],[-43.109379,-22.838982]],[[-43.109388,-22.83899],[-43.109372,-22.838992],[-43.109386,-22.838987]],[[-43.109393,-22.838991],[-43.109379,-22.839008],[-43.109388,-22.838988]],[[-43.109391,-22.838992],[-43.109396,-22.839006],[-43.109394,-22.838992]],[[-43.109383,-22.838999],[-43.10938,-22.838996],[-43.109377,-22.838991]],[[-43.109395,-22.839001],[-43.10939,-22.839002],[-43.109385,-22.839]],[[-43.109406,-22.838985],[-43.109406,-22.83899],[-43.109405,-22.838994]],[[-43.109392,-22.838983],[-43.109387,-22.83897],[-43.109389,-22.838984]],[[-43.109388,-22.838988],[-43.10937,-22.838975],[-43.109391,-22.838985]],[[-43.10938,-22.83898],[-43.109383,-22.838977],[-43.109386,-22.838975],[-43.10939,-22.838974],[-43.109394,-22.838974],[-43.109398,-22.838975]],[[-43.109404,-22.838968],[-43.109391,-22.838985],[-43.109393,-22.838991]],[[-43.109395,-22.838987],[-43.109388,-22.838988]],[[-43.109397,-22.838988],[-43.109411,-22.838983],[-43.109396,-22.838985]],[[-43.109395,-22.838987],[-43.109413,-22.839],[-43.109393,-22.838991]],[[-43.1094,-22.838976],[-43.109404,-22.83898],[-43.109406,-22.838984]],[[-43.109395,-22.838987],[-43.109404,-22.838968]],[[-43.109206,-22.839462],[-43.109205,-22.839462]],[[-43.109205,-22.839462],[-43.109206,-22.839463],[-43.109205,-22.839463],[-43.109205,-22.839462]],[[-43.109206,-22.839463],[-43.109206,-22.839462]],[[-43.109205,-22.839462],[-43.109206,-22.839462]],[[-43.109206,-22.839461],[-43.109206,-22.839462]],[[-43.109206,-22.839461],[-43.109205,-22.839462]],[[-43.109237,-22.839415],[-43.109236,-22.839414],[-43.109206,-22.839461]],[[-43.109206,-22.839462],[-43.109237,-22.839415]],[[-43.109237,-22.839415],[-43.109236,-22.839414]],[[-43.109236,-22.839414],[-43.109237,-22.839414],[-43.109237,-22.839415]],[[-43.109238,-22.839413],[-43.109237,-22.839413],[-43.109237,-22.839412],[-43.109238,-22.839413]],[[-43.109238,-22.839413],[-43.109237,-22.839414]],[[-43.109237,-22.839413],[-43.109236,-22.839414]],[[-43.109239,-22.839411],[-43.109238,-22.839411]],[[-43.109238,-22.839411],[-43.109239,-22.839412],[-43.109239,-22.839411]],[[-43.109237,-22.839413],[-43.109238,-22.839413],[-43.109237,-22.839412],[-43.109237,-22.839413]],[[-43.109238,-22.839413],[-43.109239,-22.839412]],[[-43.109237,-22.839413],[-43.109238,-22.839411]],[[-43.109239,-22.839409],[-43.10924,-22.83941]],[[-43.109238,-22.839411],[-43.109239,-22.839411]],[[-43.10924,-22.839411],[-43.109238,-22.83941],[-43.109239,-22.839409]],[[-43.10924,-22.83941],[-43.10924,-22.839411]],[[-43.109238,-22.839411],[-43.109239,-22.83941]],[[-43.109239,-22.839411],[-43.109239,-22.83941]],[[-43.10924,-22.839408],[-43.109241,-22.839409]],[[-43.109241,-22.839409],[-43.10924,-22.839408]],[[-43.109241,-22.839409],[-43.109242,-22.839409]],[[-43.109241,-22.839409],[-43.109241,-22.839408]],[[-43.109239,-22.839408],[-43.109241,-22.839409],[-43.10924,-22.83941],[-43.109239,-22.839409],[-43.109239,-22.839408]],[[-43.109239,-22.839409],[-43.10924,-22.83941],[-43.109239,-22.839409]],[[-43.109239,-22.839409],[-43.109239,-22.83941]],[[-43.109244,-22.839404],[-43.109243,-22.839403]],[[-43.109243,-22.839403],[-43.109244,-22.839404]],[[-43.109242,-22.839405],[-43.109243,-22.839405],[-43.109242,-22.839405],[-43.109243,-22.839405],[-43.109242,-22.839405]],[[-43.109243,-22.839405],[-43.109244,-22.839404]],[[-43.109242,-22.839405],[-43.109243,-22.839403]],[[-43.109242,-22.839407],[-43.109241,-22.839407]],[[-43.109241,-22.839406],[-43.109242,-22.839407]],[[-43.109241,-22.839406],[-43.109241,-22.839407]],[[-43.109243,-22.839405],[-43.109242,-22.839405],[-43.109243,-22.839405],[-43.109242,-22.839405],[-43.109243,-22.839405]],[[-43.109243,-22.839405],[-43.109242,-22.839407]],[[-43.109242,-22.839405],[-43.109241,-22.839406]],[[-43.10924,-22.839408],[-43.109241,-22.839409]],[[-43.109241,-22.839407],[-43.109242,-22.839407]],[[-43.109241,-22.839408],[-43.10924,-22.839407],[-43.10924,-22.839408]],[[-43.109241,-22.839409],[-43.109241,-22.839408]],[[-43.109241,-22.839407],[-43.10924,-22.839408]],[[-43.109242,-22.839407],[-43.109241,-22.839408]],[[-43.109244,-22.839402],[-43.109244,-22.839403],[-43.109244,-22.839404],[-43.109243,-22.839403],[-43.109244,-22.839402]],[[-43.109245,-22.8394],[-43.109246,-22.8394]],[[-43.109244,-22.839402],[-43.109244,-22.839403]],[[-43.109245,-22.839402],[-43.109244,-22.839402]],[[-43.109244,-22.839402],[-43.109245,-22.8394]],[[-43.109246,-22.8394],[-43.109244,-22.839403]],[[-43.109247,-22.839399],[-43.109246,-22.839398]],[[-43.109246,-22.8394],[-43.109245,-22.8394]],[[-43.109246,-22.839398],[-43.109247,-22.839399]],[[-43.109246,-22.839398],[-43.109246,-22.839399]],[[-43.109246,-22.8394],[-43.109247,-22.839399]],[[-43.109245,-22.8394],[-43.109246,-22.839399]],[[-43.109246,-22.839398],[-43.109247,-22.839399]],[[-43.109246,-22.8394],[-43.109246,-22.839399]],[[-43.109249,-22.839397],[-43.109247,-22.839396]],[[-43.109247,-22.839396],[-43.109248,-22.839397],[-43.109249,-22.839397]],[[-43.109247,-22.839396],[-43.109249,-22.839397]],[[-43.109248,-22.839397],[-43.109247,-22.839396]],[[-43.109247,-22.839399],[-43.109246,-22.839398]],[[-43.109246,-22.839398],[-43.109247,-22.839399]],[[-43.109246,-22.839398],[-43.109247,-22.839399]],[[-43.109246,-22.839398],[-43.109247,-22.839399],[-43.109247,-22.839396]],[[-43.109248,-22.839397],[-43.109246,-22.839398]],[[-43.109247,-22.839398],[-43.109248,-22.839398]],[[-43.109251,-22.839392],[-43.10925,-22.839392]],[[-43.109251,-22.839391],[-43.109252,-22.839391],[-43.109251,-22.839392]],[[-43.109251,-22.839391],[-43.10925,-22.839392]],[[-43.109252,-22.83939],[-43.109252,-22.839391],[-43.109252,-22.83939]],[[-43.109252,-22.83939],[-43.109252,-22.839391]],[[-43.109252,-22.83939],[-43.109251,-22.839391]],[[-43.109253,-22.839389],[-43.109253,-22.839388]],[[-43.109252,-22.839389],[-43.109253,-22.839389]],[[-43.109252,-22.839389],[-43.109253,-22.839388]],[[-43.109252,-22.839391],[-43.109252,-22.83939],[-43.109252,-22.839391]],[[-43.109252,-22.83939],[-43.109253,-22.839389]],[[-43.109252,-22.83939],[-43.109252,-22.839389]],[[-43.10925,-22.839392],[-43.109251,-22.839392],[-43.109251,-22.839393],[-43.10925,-22.839392]],[[-43.109248,-22.839395],[-43.109249,-22.839395]],[[-43.10925,-22.839392],[-43.109251,-22.839393]],[[-43.10925,-22.839394],[-43.10925,-22.839393],[-43.10925,-22.839392]],[[-43.10925,-22.839393],[-43.109248,-22.839395]],[[-43.109249,-22.839395],[-43.109251,-22.839393]],[[-43.109249,-22.839397],[-43.109247,-22.839396]],[[-43.109249,-22.839395],[-43.109248,-22.839395]],[[-43.109247,-22.839396],[-43.109249,-22.839397]],[[-43.109247,-22.839396],[-43.109248,-22.839396]],[[-43.109249,-22.839395],[-43.109248,-22.839397]],[[-43.109248,-22.839395],[-43.109248,-22.839396]],[[-43.109247,-22.839396],[-43.109249,-22.839397]],[[-43.109249,-22.839396],[-43.109248,-22.839396]],[[-43.109253,-22.839389],[-43.109253,-22.839388]],[[-43.109253,-22.839388],[-43.109254,-22.839388],[-43.109253,-22.839389]],[[-43.109284,-22.839341],[-43.109283,-22.839341],[-43.109253,-22.839388]],[[-43.109254,-22.839388],[-43.109284,-22.839341]],[[-43.109298,-22.839318],[-43.109299,-22.839319],[-43.109299,-22.839318]],[[-43.109298,-22.839318],[-43.109299,-22.839318]],[[-43.109298,-22.839316],[-43.109298,-22.839315]],[[-43.109298,-22.839318],[-43.109299,-22.839317]],[[-43.109298,-22.839316],[-43.109299,-22.839316]],[[-43.109298,-22.839315],[-43.109299,-22.839316]],[[-43.109299,-22.839316],[-43.109299,-22.839317]],[[-43.109299,-22.839316],[-43.109299,-22.839317],[-43.109299,-22.839318]],[[-43.109284,-22.83934],[-43.109284,-22.839341],[-43.109283,-22.839341],[-43.109298,-22.839318],[-43.109299,-22.839319],[-43.109284,-22.839341]],[[-43.109298,-22.839315],[-43.109298,-22.839316]],[[-43.109297,-22.839315],[-43.109298,-22.839315]],[[-43.109297,-22.839315],[-43.109298,-22.839316]],[[-43.109247,-22.839286],[-43.109246,-22.839287],[-43.109297,-22.839315]],[[-43.109297,-22.839315],[-43.109247,-22.839286],[-43.109246,-22.839287]],[[-43.109246,-22.839286],[-43.109247,-22.839286]],[[-43.109246,-22.839286],[-43.109246,-22.839287]],[[-43.109196,-22.839257],[-43.109196,-22.839258],[-43.109246,-22.839286]],[[-43.109246,-22.839286],[-43.109196,-22.839257],[-43.109196,-22.839258]],[[-43.109195,-22.839257],[-43.109196,-22.839257]],[[-43.109195,-22.839257],[-43.109196,-22.839258]],[[-43.109145,-22.839228],[-43.109144,-22.839229],[-43.109195,-22.839257]],[[-43.109195,-22.839257],[-43.109145,-22.839228]],[[-43.109128,-22.839219],[-43.109127,-22.839219]],[[-43.109128,-22.839219],[-43.109127,-22.839218],[-43.109127,-22.839219]],[[-43.109127,-22.839216],[-43.109127,-22.839217]],[[-43.109127,-22.839216],[-43.109126,-22.839217]],[[-43.109127,-22.839217],[-43.109127,-22.839218]],[[-43.109126,-22.839217],[-43.109126,-22.839218],[-43.109127,-22.839219]],[[-43.109144,-22.839228],[-43.109145,-22.839228],[-43.109144,-22.839229],[-43.109128,-22.839219],[-43.109144,-22.839228]],[[-43.109138,-22.839198],[-43.109139,-22.839198]],[[-43.109138,-22.839198],[-43.109139,-22.839198]],[[-43.109137,-22.8392],[-43.109138,-22.8392],[-43.109138,-22.839199],[-43.109137,-22.8392]],[[-43.109138,-22.8392],[-43.109139,-22.839198]],[[-43.109138,-22.839199],[-43.109138,-22.839198]],[[-43.109137,-22.839201],[-43.109136,-22.839201]],[[-43.109137,-22.839201],[-43.109136,-22.839201]],[[-43.109138,-22.839199],[-43.109138,-22.8392],[-43.109137,-22.8392],[-43.109138,-22.839199]],[[-43.109138,-22.8392],[-43.109137,-22.839201]],[[-43.109138,-22.839199],[-43.109137,-22.839201]],[[-43.109139,-22.839197],[-43.10914,-22.839197],[-43.109139,-22.839198],[-43.109139,-22.839197]],[[-43.109139,-22.839197],[-43.10914,-22.839197]],[[-43.10914,-22.839197],[-43.10914,-22.839196],[-43.109139,-22.839197]],[[-43.10914,-22.839196],[-43.109141,-22.839195]],[[-43.109141,-22.839195],[-43.10914,-22.839197]],[[-43.109142,-22.839194],[-43.109141,-22.839193]],[[-43.109141,-22.839193],[-43.109143,-22.839194]],[[-43.109141,-22.839195],[-43.109142,-22.839193]],[[-43.109141,-22.839195],[-43.109142,-22.839193]],[[-43.109141,-22.839193],[-43.109143,-22.839194]],[[-43.109144,-22.839191],[-43.109143,-22.839191]],[[-43.109142,-22.839191],[-43.109144,-22.839192],[-43.109144,-22.839191]],[[-43.109142,-22.839191],[-43.109142,-22.83919],[-43.109144,-22.839191]],[[-43.109144,-22.839192],[-43.109143,-22.839191]],[[-43.109142,-22.839194],[-43.109141,-22.839193]],[[-43.109141,-22.839192],[-43.109143,-22.839194]],[[-43.109141,-22.839192],[-43.109141,-22.839193],[-43.109143,-22.839194]],[[-43.109141,-22.839193],[-43.109142,-22.839193],[-43.109143,-22.839191]],[[-43.109144,-22.839192],[-43.109141,-22.839193]],[[-43.109142,-22.839192],[-43.109143,-22.839192],[-43.109143,-22.839193]],[[-43.109146,-22.839187],[-43.109146,-22.839186]],[[-43.109146,-22.839186],[-43.109147,-22.839186],[-43.109146,-22.839187]],[[-43.109147,-22.839184],[-43.109148,-22.839184],[-43.109147,-22.839185],[-43.109147,-22.839184]],[[-43.109147,-22.839185],[-43.109147,-22.839186]],[[-43.109147,-22.839185],[-43.109146,-22.839186]],[[-43.109149,-22.839183],[-43.109148,-22.839183]],[[-43.109148,-22.839183],[-43.109149,-22.839183]],[[-43.109147,-22.839184],[-43.109148,-22.839184],[-43.109147,-22.839185],[-43.109147,-22.839184]],[[-43.109147,-22.839185],[-43.109148,-22.839183]],[[-43.109147,-22.839185],[-43.109148,-22.839183]],[[-43.109146,-22.839186],[-43.109146,-22.839187],[-43.109146,-22.839186]],[[-43.109144,-22.839189],[-43.109144,-22.83919]],[[-43.109145,-22.839188],[-43.109146,-22.839187]],[[-43.109145,-22.839188],[-43.109144,-22.839189]],[[-43.109144,-22.83919],[-43.109146,-22.839187]],[[-43.109144,-22.839191],[-43.109143,-22.839191]],[[-43.109144,-22.83919],[-43.109144,-22.839189]],[[-43.109142,-22.83919],[-43.109144,-22.839191]],[[-43.109142,-22.83919],[-43.109143,-22.839191]],[[-43.109144,-22.83919],[-43.109143,-22.839191]],[[-43.109144,-22.839189],[-43.109143,-22.839191]],[[-43.109142,-22.83919],[-43.109144,-22.839191]],[[-43.109127,-22.839215],[-43.109128,-22.839215],[-43.109127,-22.839216],[-43.109136,-22.839201],[-43.109137,-22.839201],[-43.109128,-22.839215]],[[-43.109149,-22.839182],[-43.109149,-22.839183],[-43.109148,-22.839183],[-43.110706,-22.836769],[-43.110707,-22.836769],[-43.109149,-22.839182]],[[-43.10974,-22.839012],[-43.109741,-22.839011],[-43.10974,-22.839012]],[[-43.109741,-22.839011],[-43.10974,-22.839011]],[[-43.10974,-22.839011],[-43.10974,-22.839012]],[[-43.109688,-22.838982],[-43.109689,-22.838981],[-43.109689,-22.838982]],[[-43.109688,-22.838982],[-43.109689,-22.838982]],[[-43.109687,-22.838981],[-43.109686,-22.838981],[-43.109687,-22.838981]],[[-43.109687,-22.838981],[-43.109689,-22.838981]],[[-43.109687,-22.838981],[-43.109688,-22.838982]],[[-43.109685,-22.838979],[-43.109685,-22.83898]],[[-43.109685,-22.83898],[-43.109686,-22.83898],[-43.109685,-22.838979]],[[-43.109687,-22.838981],[-43.109686,-22.838981],[-43.109687,-22.838981]],[[-43.109687,-22.838981],[-43.109686,-22.83898]],[[-43.109687,-22.838981],[-43.109685,-22.83898]],[[-43.109684,-22.83898],[-43.109684,-22.838978]],[[-43.109685,-22.83898],[-43.109685,-22.838979]],[[-43.109684,-22.838978],[-43.109684,-22.83898]],[[-43.109684,-22.838978],[-43.109685,-22.838979]],[[-43.109685,-22.83898],[-43.109684,-22.83898]],[[-43.109685,-22.838979],[-43.109684,-22.838979]],[[-43.109681,-22.838979],[-43.109682,-22.838977]],[[-43.109682,-22.838977],[-43.109681,-22.838979]],[[-43.109682,-22.838977],[-43.109683,-22.838977]],[[-43.109683,-22.838977],[-43.109684,-22.838978],[-43.109683,-22.838979],[-43.109682,-22.838979],[-43.109683,-22.838977]],[[-43.109684,-22.83898],[-43.109684,-22.838978]],[[-43.109684,-22.838978],[-43.109683,-22.83898],[-43.109684,-22.83898]],[[-43.109683,-22.838978],[-43.109684,-22.838979]],[[-43.109677,-22.838975],[-43.109676,-22.838975]],[[-43.109677,-22.838976],[-43.109677,-22.838975]],[[-43.109677,-22.838976],[-43.109676,-22.838975]],[[-43.109679,-22.838976],[-43.109678,-22.838976],[-43.109679,-22.838977],[-43.109679,-22.838976]],[[-43.109679,-22.838976],[-43.109677,-22.838975]],[[-43.109678,-22.838976],[-43.109677,-22.838976]],[[-43.109678,-22.838976],[-43.109679,-22.838976],[-43.109679,-22.838977],[-43.109678,-22.838976]],[[-43.109679,-22.838976],[-43.10968,-22.838977]],[[-43.109678,-22.838976],[-43.10968,-22.838977]],[[-43.109681,-22.838979],[-43.109682,-22.838977]],[[-43.109682,-22.838977],[-43.109681,-22.838978],[-43.109681,-22.838979]],[[-43.10968,-22.838977],[-43.109681,-22.838978]],[[-43.10968,-22.838977],[-43.109682,-22.838977]],[[-43.109676,-22.838974],[-43.109677,-22.838975],[-43.109676,-22.838975],[-43.109676,-22.838974]],[[-43.109676,-22.838975],[-43.109676,-22.838974]],[[-43.109675,-22.838974],[-43.109676,-22.838975]],[[-43.109675,-22.838974],[-43.109673,-22.838973]],[[-43.109673,-22.838973],[-43.109676,-22.838974]],[[-43.109672,-22.838971],[-43.109671,-22.838973]],[[-43.109671,-22.838973],[-43.109672,-22.838971]],[[-43.109671,-22.838973],[-43.109672,-22.838973]],[[-43.109673,-22.838973],[-43.109672,-22.838972]],[[-43.109673,-22.838973],[-43.109672,-22.838973]],[[-43.109671,-22.838973],[-43.109672,-22.838971]],[[-43.109673,-22.838972],[-43.109672,-22.838973]],[[-43.10967,-22.83897],[-43.109669,-22.838971]],[[-43.109669,-22.838972],[-43.10967,-22.83897]],[[-43.109669,-22.838972],[-43.109669,-22.838971],[-43.10967,-22.83897]],[[-43.10967,-22.838971],[-43.109669,-22.838972]],[[-43.109672,-22.838971],[-43.109671,-22.838973]],[[-43.109671,-22.838973],[-43.109672,-22.838971]],[[-43.109671,-22.838973],[-43.109672,-22.838971]],[[-43.109671,-22.838973],[-43.109672,-22.838972],[-43.109669,-22.838972]],[[-43.10967,-22.838971],[-43.109671,-22.838973]],[[-43.10967,-22.838971],[-43.109671,-22.838971]],[[-43.109665,-22.838968],[-43.109664,-22.838968]],[[-43.109663,-22.838968],[-43.109664,-22.838967],[-43.109665,-22.838968]],[[-43.109663,-22.838968],[-43.109664,-22.838968]],[[-43.109662,-22.838967],[-43.109663,-22.838967],[-43.109662,-22.838967],[-43.109663,-22.838967],[-43.109662,-22.838967]],[[-43.109663,-22.838967],[-43.109664,-22.838967]],[[-43.109662,-22.838967],[-43.109663,-22.838968]],[[-43.109661,-22.838966],[-43.10966,-22.838966]],[[-43.109661,-22.838966],[-43.10966,-22.838966]],[[-43.109663,-22.838967],[-43.109662,-22.838967],[-43.109663,-22.838967],[-43.109662,-22.838967],[-43.109663,-22.838967]],[[-43.109663,-22.838967],[-43.109661,-22.838966]],[[-43.109662,-22.838967],[-43.109661,-22.838966]],[[-43.109665,-22.838968],[-43.109665,-22.838969],[-43.109664,-22.838968],[-43.109665,-22.838968]],[[-43.109667,-22.83897],[-43.109668,-22.83897]],[[-43.109665,-22.838969],[-43.109665,-22.838968]],[[-43.109666,-22.838969],[-43.109665,-22.838969]],[[-43.109666,-22.838969],[-43.109667,-22.83897]],[[-43.109668,-22.83897],[-43.109665,-22.838968]],[[-43.10967,-22.83897],[-43.109669,-22.838971]],[[-43.109668,-22.83897],[-43.109667,-22.83897]],[[-43.109669,-22.838971],[-43.10967,-22.83897]],[[-43.109669,-22.838971],[-43.109669,-22.838972]],[[-43.109668,-22.83897],[-43.109669,-22.83897]],[[-43.109667,-22.83897],[-43.109669,-22.838971]],[[-43.109669,-22.838971],[-43.10967,-22.83897]],[[-43.109669,-22.83897],[-43.109668,-22.838971]],[[-43.109628,-22.838947],[-43.109627,-22.838947]],[[-43.109628,-22.838947],[-43.109627,-22.838947]],[[-43.109627,-22.838945],[-43.109627,-22.838944]],[[-43.109627,-22.838947],[-43.109627,-22.838946]],[[-43.109627,-22.838945],[-43.109627,-22.838946]],[[-43.109627,-22.838944],[-43.109626,-22.838945]],[[-43.109627,-22.838947],[-43.109626,-22.838947]],[[-43.109627,-22.838946],[-43.109626,-22.838946],[-43.109627,-22.838946]],[[-43.109626,-22.838945],[-43.109626,-22.838946],[-43.109626,-22.838947]],[[-43.109739,-22.839011],[-43.109739,-22.83901],[-43.10974,-22.839011]],[[-43.109739,-22.839011],[-43.10974,-22.839011]],[[-43.109689,-22.838982],[-43.109739,-22.839011]],[[-43.109739,-22.83901],[-43.109689,-22.838982]],[[-43.10966,-22.838966],[-43.10966,-22.838965],[-43.109661,-22.838966],[-43.10966,-22.838966],[-43.109627,-22.838947],[-43.109628,-22.838947],[-43.10966,-22.838965]],[[-43.109627,-22.838945],[-43.109627,-22.838944]],[[-43.109627,-22.838943],[-43.109628,-22.838944],[-43.109627,-22.838945]],[[-43.109627,-22.838943],[-43.109627,-22.838944]],[[-43.109658,-22.838897],[-43.109657,-22.838897],[-43.109627,-22.838943]],[[-43.109628,-22.838944],[-43.109658,-22.838897],[-43.109657,-22.838897]],[[-43.109657,-22.838896],[-43.109658,-22.838897]],[[-43.109657,-22.838896],[-43.109657,-22.838897]],[[-43.109688,-22.83885],[-43.109657,-22.838896]],[[-43.109658,-22.838897],[-43.109688,-22.83885]],[[-43.109688,-22.838849],[-43.109689,-22.838849],[-43.109688,-22.83885]],[[-43.109688,-22.838849],[-43.109688,-22.83885]],[[-43.109719,-22.838803],[-43.109718,-22.838802],[-43.109688,-22.838849]],[[-43.109689,-22.838849],[-43.109719,-22.838803],[-43.109718,-22.838802]],[[-43.109719,-22.838802],[-43.109719,-22.838803]],[[-43.109719,-22.838802],[-43.109718,-22.838802]],[[-43.109749,-22.838755],[-43.109719,-22.838802]],[[-43.109719,-22.838802],[-43.109749,-22.838755]],[[-43.109749,-22.838755],[-43.10975,-22.838755],[-43.109749,-22.838755]],[[-43.10978,-22.838708],[-43.109779,-22.838708],[-43.109749,-22.838755]],[[-43.10975,-22.838755],[-43.10978,-22.838708],[-43.109779,-22.838708]],[[-43.10978,-22.838707],[-43.10978,-22.838708]],[[-43.10978,-22.838707],[-43.109779,-22.838708]],[[-43.10981,-22.838661],[-43.10981,-22.83866],[-43.10978,-22.838707]],[[-43.10978,-22.838708],[-43.10981,-22.838661]],[[-43.10981,-22.83866],[-43.109811,-22.838661],[-43.10981,-22.838661],[-43.10981,-22.83866],[-43.109835,-22.838622],[-43.109811,-22.838661]],[[-43.109896,-22.838243],[-43.109896,-22.838244]],[[-43.109896,-22.838244],[-43.109896,-22.838243]],[[-43.109845,-22.838214],[-43.109845,-22.838215]],[[-43.109844,-22.838214],[-43.109845,-22.838214]],[[-43.109844,-22.838214],[-43.109845,-22.838215]],[[-43.109843,-22.838213],[-43.109843,-22.838214],[-43.109842,-22.838213],[-43.109843,-22.838213]],[[-43.109843,-22.838213],[-43.109844,-22.838214]],[[-43.109843,-22.838214],[-43.109844,-22.838214]],[[-43.109841,-22.838212],[-43.109841,-22.838213]],[[-43.109841,-22.838213],[-43.109842,-22.838212],[-43.109841,-22.838212]],[[-43.109843,-22.838213],[-43.109843,-22.838214],[-43.109842,-22.838213],[-43.109843,-22.838213]],[[-43.109843,-22.838213],[-43.109842,-22.838212]],[[-43.109843,-22.838214],[-43.109841,-22.838213]],[[-43.109839,-22.838212],[-43.10984,-22.838211]],[[-43.109841,-22.838213],[-43.109841,-22.838212]],[[-43.10984,-22.838211],[-43.109839,-22.838213],[-43.109839,-22.838212]],[[-43.109841,-22.838213],[-43.10984,-22.838212]],[[-43.109841,-22.838212],[-43.10984,-22.838212]],[[-43.109837,-22.838211],[-43.109838,-22.83821]],[[-43.109838,-22.83821],[-43.109837,-22.838211]],[[-43.109838,-22.838211],[-43.109838,-22.83821]],[[-43.109838,-22.83821],[-43.10984,-22.838211],[-43.109839,-22.838212],[-43.109838,-22.838211],[-43.109838,-22.83821]],[[-43.109839,-22.838212],[-43.10984,-22.838211],[-43.109839,-22.838212]],[[-43.109839,-22.838211],[-43.109839,-22.838212]],[[-43.109839,-22.838211],[-43.10984,-22.838211]],[[-43.109833,-22.838207],[-43.109832,-22.838208]],[[-43.109833,-22.838208],[-43.109833,-22.838207]],[[-43.109833,-22.838208],[-43.109832,-22.838208]],[[-43.109835,-22.838209],[-43.109835,-22.838208],[-43.109834,-22.838208],[-43.109834,-22.838209],[-43.109835,-22.838209]],[[-43.109835,-22.838208],[-43.109833,-22.838208]],[[-43.109834,-22.838209],[-43.109833,-22.838208]],[[-43.109836,-22.838209],[-43.109836,-22.83821]],[[-43.109836,-22.83821],[-43.109836,-22.838209]],[[-43.109834,-22.838209],[-43.109834,-22.838208],[-43.109835,-22.838208],[-43.109835,-22.838209],[-43.109834,-22.838209]],[[-43.109835,-22.838208],[-43.109836,-22.838209]],[[-43.109834,-22.838209],[-43.109836,-22.83821]],[[-43.109837,-22.838211],[-43.109838,-22.83821]],[[-43.109836,-22.83821],[-43.109836,-22.838209]],[[-43.109838,-22.83821],[-43.109837,-22.838211]],[[-43.109836,-22.83821],[-43.109837,-22.83821]],[[-43.109836,-22.838209],[-43.109837,-22.83821]],[[-43.109832,-22.838207],[-43.109833,-22.838207],[-43.109832,-22.838208],[-43.109831,-22.838207],[-43.109832,-22.838207]],[[-43.109829,-22.838206],[-43.109829,-22.838205]],[[-43.109831,-22.838207],[-43.109832,-22.838207]],[[-43.109831,-22.838207],[-43.109829,-22.838206]],[[-43.109829,-22.838205],[-43.109832,-22.838207]],[[-43.109828,-22.838204],[-43.109827,-22.838205]],[[-43.109829,-22.838205],[-43.109829,-22.838206]],[[-43.109827,-22.838206],[-43.109828,-22.838204]],[[-43.109827,-22.838205],[-43.109827,-22.838206]],[[-43.109829,-22.838205],[-43.109828,-22.838205]],[[-43.109829,-22.838206],[-43.109828,-22.838205]],[[-43.109827,-22.838205],[-43.109828,-22.838204]],[[-43.109829,-22.838205],[-43.109828,-22.838205]],[[-43.109825,-22.838203],[-43.109825,-22.838204]],[[-43.109825,-22.838204],[-43.109826,-22.838203],[-43.109826,-22.838202]],[[-43.109825,-22.838204],[-43.109826,-22.838202]],[[-43.109826,-22.838203],[-43.109825,-22.838204]],[[-43.109828,-22.838204],[-43.109827,-22.838205],[-43.109828,-22.838204]],[[-43.109827,-22.838205],[-43.109828,-22.838204]],[[-43.109827,-22.838205],[-43.109828,-22.838204],[-43.109825,-22.838204]],[[-43.109826,-22.838203],[-43.109827,-22.838205]],[[-43.109826,-22.838204],[-43.109827,-22.838203],[-43.109827,-22.838204]],[[-43.10982,-22.8382],[-43.10982,-22.838201]],[[-43.109819,-22.8382],[-43.10982,-22.8382]],[[-43.109819,-22.8382],[-43.10982,-22.838201]],[[-43.109818,-22.838199],[-43.109819,-22.838199],[-43.109818,-22.8382],[-43.109818,-22.838199]],[[-43.109819,-22.838199],[-43.10982,-22.8382]],[[-43.109818,-22.8382],[-43.109819,-22.8382]],[[-43.109817,-22.838198],[-43.109816,-22.838199]],[[-43.109817,-22.838199],[-43.109817,-22.838198]],[[-43.109817,-22.838199],[-43.109816,-22.838199]],[[-43.109818,-22.838199],[-43.109819,-22.838199],[-43.109818,-22.8382],[-43.109818,-22.838199]],[[-43.109819,-22.838199],[-43.109817,-22.838198]],[[-43.109818,-22.8382],[-43.109817,-22.838199]],[[-43.10982,-22.8382],[-43.109821,-22.838201],[-43.10982,-22.838201],[-43.10982,-22.8382]],[[-43.109824,-22.838203],[-43.109824,-22.838202]],[[-43.109822,-22.838201],[-43.109822,-22.838202],[-43.109821,-22.838201]],[[-43.109822,-22.838202],[-43.109824,-22.838203]],[[-43.109824,-22.838202],[-43.109821,-22.838201]],[[-43.109825,-22.838203],[-43.109825,-22.838204]],[[-43.109824,-22.838202],[-43.109824,-22.838203]],[[-43.109825,-22.838204],[-43.109826,-22.838202]],[[-43.109824,-22.838202],[-43.109825,-22.838203]],[[-43.109824,-22.838203],[-43.109825,-22.838203]],[[-43.109825,-22.838204],[-43.109826,-22.838202]],[[-43.109896,-22.838243],[-43.109896,-22.838244]],[[-43.109895,-22.838243],[-43.109896,-22.838243]],[[-43.109895,-22.838243],[-43.109896,-22.838244]],[[-43.109845,-22.838214],[-43.109845,-22.838215],[-43.109895,-22.838243]],[[-43.109895,-22.838243],[-43.109845,-22.838214]],[[-43.109816,-22.838198],[-43.109817,-22.838198],[-43.109816,-22.838199],[-43.109793,-22.838185],[-43.109816,-22.838198]],[[-43.108019,-22.840057],[-43.108018,-22.840057]],[[-43.108018,-22.840057],[-43.108019,-22.840057],[-43.108018,-22.840058],[-43.108018,-22.840057]],[[-43.10805,-22.84001],[-43.108049,-22.840009]],[[-43.108049,-22.840009],[-43.10805,-22.840009],[-43.10805,-22.84001]],[[-43.10808,-22.839963],[-43.108079,-22.839962],[-43.108049,-22.840009]],[[-43.10805,-22.840009],[-43.10808,-22.839963]],[[-43.108087,-22.83995],[-43.108088,-22.839951],[-43.108087,-22.839951]],[[-43.108087,-22.83995],[-43.108087,-22.839951]],[[-43.108088,-22.839949],[-43.108089,-22.839949],[-43.108088,-22.83995],[-43.108088,-22.839949]],[[-43.108089,-22.839949],[-43.108088,-22.839951]],[[-43.108088,-22.839949],[-43.108087,-22.83995]],[[-43.10809,-22.839948],[-43.108089,-22.839947]],[[-43.108089,-22.839948],[-43.10809,-22.839948]],[[-43.108089,-22.839948],[-43.108089,-22.839947]],[[-43.108088,-22.839949],[-43.108088,-22.83995],[-43.108089,-22.839949],[-43.108088,-22.839949]],[[-43.108089,-22.839949],[-43.108089,-22.839948]],[[-43.108088,-22.839949],[-43.108089,-22.839948]],[[-43.108089,-22.839946],[-43.108091,-22.839947]],[[-43.108089,-22.839947],[-43.10809,-22.839948]],[[-43.108091,-22.839947],[-43.108089,-22.839946]],[[-43.108089,-22.839947],[-43.10809,-22.839946]],[[-43.10809,-22.839948],[-43.10809,-22.839947]],[[-43.108091,-22.839944],[-43.108092,-22.839945]],[[-43.108092,-22.839945],[-43.108091,-22.839944]],[[-43.108091,-22.839945],[-43.108092,-22.839945]],[[-43.10809,-22.839944],[-43.108092,-22.839945],[-43.108091,-22.839946],[-43.10809,-22.839945],[-43.10809,-22.839944]],[[-43.108089,-22.839946],[-43.108091,-22.839947]],[[-43.108091,-22.839946],[-43.108089,-22.839946]],[[-43.108091,-22.839947],[-43.108091,-22.839946]],[[-43.10809,-22.839945],[-43.10809,-22.839946]],[[-43.108095,-22.83994],[-43.108094,-22.839939]],[[-43.108094,-22.83994],[-43.108095,-22.83994]],[[-43.108094,-22.83994],[-43.108094,-22.839939]],[[-43.108093,-22.839942],[-43.108094,-22.839941],[-43.108093,-22.839941],[-43.108093,-22.839942]],[[-43.108094,-22.839941],[-43.108094,-22.83994]],[[-43.108093,-22.839941],[-43.108094,-22.83994]],[[-43.108093,-22.839943],[-43.108092,-22.839943]],[[-43.108092,-22.839942],[-43.108093,-22.839943]],[[-43.108092,-22.839942],[-43.108092,-22.839943]],[[-43.108094,-22.839941],[-43.108093,-22.839942],[-43.108093,-22.839941],[-43.108094,-22.839941]],[[-43.108094,-22.839941],[-43.108093,-22.839943]],[[-43.108093,-22.839941],[-43.108092,-22.839942]],[[-43.108091,-22.839944],[-43.108092,-22.839945]],[[-43.108092,-22.839943],[-43.108093,-22.839943]],[[-43.108092,-22.839944],[-43.108091,-22.839944]],[[-43.108092,-22.839945],[-43.108092,-22.839944]],[[-43.108092,-22.839943],[-43.108091,-22.839944]],[[-43.108093,-22.839943],[-43.108092,-22.839944]],[[-43.108095,-22.839939],[-43.108095,-22.83994],[-43.108094,-22.839939],[-43.108095,-22.839939]],[[-43.108096,-22.839936],[-43.108097,-22.839937]],[[-43.108096,-22.839938],[-43.108095,-22.839938],[-43.108095,-22.839939]],[[-43.108095,-22.839938],[-43.108096,-22.839936]],[[-43.108097,-22.839937],[-43.108095,-22.839939]],[[-43.108098,-22.839935],[-43.108097,-22.839935]],[[-43.108097,-22.839937],[-43.108096,-22.839936]],[[-43.108097,-22.839935],[-43.108098,-22.839935]],[[-43.108097,-22.839937],[-43.108098,-22.839935]],[[-43.108096,-22.839936],[-43.108097,-22.839935]],[[-43.108097,-22.839935],[-43.108098,-22.839935]],[[-43.108097,-22.839936],[-43.108097,-22.839935]],[[-43.1081,-22.839933],[-43.108098,-22.839932]],[[-43.108098,-22.839933],[-43.108099,-22.839933],[-43.1081,-22.839933]],[[-43.108098,-22.839933],[-43.108098,-22.839932],[-43.1081,-22.839933]],[[-43.108099,-22.839933],[-43.108098,-22.839933]],[[-43.108098,-22.839935],[-43.108097,-22.839935]],[[-43.108097,-22.839934],[-43.108098,-22.839935]],[[-43.108097,-22.839934],[-43.108097,-22.839935],[-43.108098,-22.839935]],[[-43.108097,-22.839934],[-43.108098,-22.839935],[-43.108098,-22.839933]],[[-43.108099,-22.839933],[-43.108097,-22.839934]],[[-43.108098,-22.839934],[-43.108099,-22.839934]],[[-43.108102,-22.839928],[-43.108101,-22.839928]],[[-43.108102,-22.839928],[-43.108101,-22.839928]],[[-43.108103,-22.839926],[-43.108103,-22.839927],[-43.108103,-22.839926],[-43.108102,-22.839926],[-43.108103,-22.839926]],[[-43.108103,-22.839927],[-43.108102,-22.839928]],[[-43.108102,-22.839926],[-43.108102,-22.839928]],[[-43.108103,-22.839925],[-43.108104,-22.839925]],[[-43.108103,-22.839925],[-43.108104,-22.839925]],[[-43.108103,-22.839927],[-43.108103,-22.839926],[-43.108102,-22.839926],[-43.108103,-22.839926],[-43.108103,-22.839927]],[[-43.108103,-22.839927],[-43.108104,-22.839925]],[[-43.108102,-22.839926],[-43.108103,-22.839925]],[[-43.108101,-22.839928],[-43.108102,-22.839928],[-43.108102,-22.839929],[-43.108101,-22.839929],[-43.108101,-22.839928]],[[-43.108099,-22.839931],[-43.1081,-22.839931]],[[-43.108101,-22.839929],[-43.108102,-22.839929]],[[-43.108101,-22.83993],[-43.108101,-22.839929]],[[-43.108101,-22.839929],[-43.108099,-22.839931]],[[-43.1081,-22.839931],[-43.108102,-22.839929]],[[-43.1081,-22.839933],[-43.108098,-22.839932]],[[-43.1081,-22.839931],[-43.108099,-22.839931]],[[-43.108098,-22.839932],[-43.1081,-22.839933]],[[-43.108098,-22.839932],[-43.108099,-22.839932]],[[-43.1081,-22.839931],[-43.108099,-22.839933]],[[-43.108099,-22.839931],[-43.108099,-22.839932]],[[-43.108098,-22.839932],[-43.1081,-22.839933]],[[-43.1081,-22.839932],[-43.108099,-22.839932]],[[-43.10795,-22.839832],[-43.107949,-22.839832]],[[-43.10795,-22.839831],[-43.10795,-22.839832]],[[-43.10795,-22.839831],[-43.107949,-22.839832]],[[-43.10798,-22.839785],[-43.10795,-22.839831]],[[-43.10795,-22.839832],[-43.10798,-22.839785]],[[-43.10798,-22.839785],[-43.107981,-22.839784]],[[-43.10798,-22.839785],[-43.10798,-22.839784],[-43.107981,-22.839784]],[[-43.107979,-22.839782],[-43.10798,-22.839782]],[[-43.10798,-22.839784],[-43.10798,-22.839783]],[[-43.107979,-22.839782],[-43.10798,-22.839783]],[[-43.10798,-22.839782],[-43.107981,-22.839782]],[[-43.10798,-22.839783],[-43.107981,-22.839783],[-43.10798,-22.839783]],[[-43.107981,-22.839782],[-43.107981,-22.839783],[-43.107981,-22.839784]],[[-43.108019,-22.840057],[-43.108018,-22.840057]],[[-43.108019,-22.840056],[-43.108019,-22.840057]],[[-43.108019,-22.840056],[-43.108018,-22.840057]],[[-43.10805,-22.84001],[-43.108049,-22.840009],[-43.108019,-22.840056]],[[-43.108019,-22.840056],[-43.10805,-22.84001]],[[-43.10808,-22.839962],[-43.10808,-22.839963],[-43.108079,-22.839962],[-43.108087,-22.839951],[-43.10808,-22.839962]],[[-43.10798,-22.839782],[-43.107979,-22.839782]],[[-43.107979,-22.839782],[-43.107979,-22.839781],[-43.10798,-22.839782]],[[-43.107928,-22.839753],[-43.107979,-22.839782]],[[-43.107979,-22.839781],[-43.107928,-22.839753]],[[-43.107927,-22.839752],[-43.107928,-22.839752],[-43.107928,-22.839753]],[[-43.107927,-22.839752],[-43.107928,-22.839753]],[[-43.107878,-22.839724],[-43.107877,-22.839724],[-43.107927,-22.839752]],[[-43.107928,-22.839752],[-43.107878,-22.839724],[-43.107877,-22.839724]],[[-43.107877,-22.839724],[-43.107877,-22.839723],[-43.107878,-22.839724]],[[-43.107826,-22.839695],[-43.107877,-22.839724]],[[-43.107877,-22.839723],[-43.107826,-22.839695]],[[-43.107826,-22.839695],[-43.107826,-22.839694],[-43.107826,-22.839695]],[[-43.107775,-22.839665],[-43.107775,-22.839666],[-43.107826,-22.839695]],[[-43.107826,-22.839694],[-43.107775,-22.839665]],[[-43.107775,-22.839666],[-43.107775,-22.839665],[-43.107775,-22.839666],[-43.107731,-22.839641],[-43.107732,-22.839641],[-43.107775,-22.839665]],[[-43.107638,-22.839786],[-43.107638,-22.839785]],[[-43.107638,-22.839785],[-43.107639,-22.839785],[-43.107638,-22.839786]],[[-43.107639,-22.839783],[-43.10764,-22.839784],[-43.107639,-22.839784],[-43.107639,-22.839783]],[[-43.10764,-22.839784],[-43.107639,-22.839785]],[[-43.107639,-22.839784],[-43.107638,-22.839785]],[[-43.107641,-22.839782],[-43.10764,-22.839782]],[[-43.10764,-22.839782],[-43.10764,-22.839783],[-43.107641,-22.839782]],[[-43.107639,-22.839784],[-43.10764,-22.839784],[-43.107639,-22.839783],[-43.107639,-22.839784]],[[-43.10764,-22.839784],[-43.10764,-22.839783]],[[-43.107639,-22.839784],[-43.10764,-22.839782]],[[-43.107642,-22.839781],[-43.107641,-22.839781]],[[-43.107642,-22.839781],[-43.107641,-22.839781]],[[-43.107642,-22.839779],[-43.107642,-22.83978],[-43.107642,-22.839779],[-43.107642,-22.83978],[-43.107642,-22.839779]],[[-43.107642,-22.839779],[-43.107641,-22.839781]],[[-43.107642,-22.83978],[-43.107642,-22.839781]],[[-43.107643,-22.839777],[-43.107644,-22.839778]],[[-43.107643,-22.839778],[-43.107643,-22.839777]],[[-43.107643,-22.839778],[-43.107644,-22.839778]],[[-43.107642,-22.83978],[-43.107642,-22.839779],[-43.107642,-22.83978],[-43.107642,-22.839779],[-43.107642,-22.83978]],[[-43.107642,-22.839779],[-43.107643,-22.839778]],[[-43.107642,-22.83978],[-43.107643,-22.839778]],[[-43.107641,-22.839781],[-43.107641,-22.839782],[-43.10764,-22.839782],[-43.107641,-22.839781]],[[-43.107633,-22.839793],[-43.107634,-22.839793],[-43.107633,-22.839794],[-43.107633,-22.839793],[-43.107638,-22.839785],[-43.107638,-22.839786],[-43.107634,-22.839793]],[[-43.107571,-22.839888],[-43.107572,-22.839889],[-43.107571,-22.839888]],[[-43.107572,-22.839889],[-43.107572,-22.839888]],[[-43.107571,-22.839888],[-43.107572,-22.839888]],[[-43.107572,-22.839887],[-43.107573,-22.839888],[-43.107572,-22.839888]],[[-43.107572,-22.839887],[-43.107572,-22.839888]],[[-43.107603,-22.839841],[-43.107602,-22.839841],[-43.107572,-22.839887]],[[-43.107573,-22.839888],[-43.107603,-22.839841],[-43.107602,-22.839841]],[[-43.107602,-22.83984],[-43.107603,-22.83984],[-43.107603,-22.839841]],[[-43.107602,-22.83984],[-43.107602,-22.839841]],[[-43.107633,-22.839794],[-43.107633,-22.839793],[-43.107602,-22.83984]],[[-43.107603,-22.83984],[-43.107633,-22.839794]],[[-43.107644,-22.839778],[-43.107643,-22.839777]],[[-43.107643,-22.839777],[-43.107644,-22.839777],[-43.107644,-22.839778]],[[-43.107674,-22.83973],[-43.107673,-22.83973],[-43.107643,-22.839777]],[[-43.107644,-22.839777],[-43.107674,-22.83973],[-43.107673,-22.83973]],[[-43.107674,-22.839729],[-43.107675,-22.83973],[-43.107674,-22.83973]],[[-43.107674,-22.839729],[-43.107673,-22.83973]],[[-43.107705,-22.839683],[-43.107704,-22.839683],[-43.107674,-22.839729]],[[-43.107675,-22.83973],[-43.107705,-22.839683],[-43.107704,-22.839683]],[[-43.107704,-22.839682],[-43.107705,-22.839683]],[[-43.107704,-22.839682],[-43.107704,-22.839683]],[[-43.107735,-22.839636],[-43.107734,-22.839636],[-43.107704,-22.839682]],[[-43.107705,-22.839683],[-43.107735,-22.839636],[-43.107734,-22.839636]],[[-43.107735,-22.839635],[-43.107736,-22.839635],[-43.107735,-22.839636]],[[-43.107735,-22.839635],[-43.107734,-22.839636]],[[-43.107766,-22.839589],[-43.107765,-22.839588],[-43.107735,-22.839635]],[[-43.107736,-22.839635],[-43.107766,-22.839589]],[[-43.107765,-22.839588],[-43.107766,-22.839588],[-43.107766,-22.839589],[-43.107765,-22.839588],[-43.107786,-22.839556],[-43.107786,-22.839557],[-43.107766,-22.839588]],[[-43.10683,-22.839206],[-43.10683,-22.839207]],[[-43.10683,-22.839206],[-43.10683,-22.839207]],[[-43.106861,-22.83916],[-43.10686,-22.83916],[-43.10683,-22.839206]],[[-43.10683,-22.839206],[-43.106861,-22.83916]],[[-43.106857,-22.839165],[-43.106869,-22.839145],[-43.10687,-22.839146],[-43.106857,-22.839165]],[[-43.10687,-22.839146],[-43.106869,-22.839145],[-43.10687,-22.839145]],[[-43.10687,-22.839146],[-43.10687,-22.839145]],[[-43.106872,-22.839145],[-43.106873,-22.839144]],[[-43.106872,-22.839145],[-43.106871,-22.839145]],[[-43.106873,-22.839144],[-43.106872,-22.839144]],[[-43.10687,-22.839145],[-43.10687,-22.839144]],[[-43.106871,-22.839145],[-43.106871,-22.839144],[-43.10687,-22.839145]],[[-43.106872,-22.839144],[-43.106871,-22.839144],[-43.10687,-22.839144]],[[-43.106873,-22.839144],[-43.106872,-22.839145]],[[-43.106873,-22.839146],[-43.106873,-22.839145],[-43.106873,-22.839144]],[[-43.106873,-22.839146],[-43.106872,-22.839145]],[[-43.106924,-22.839174],[-43.106923,-22.839174],[-43.106873,-22.839146]],[[-43.106873,-22.839145],[-43.106924,-22.839174]],[[-43.106799,-22.839255],[-43.106799,-22.839254]],[[-43.106799,-22.839254],[-43.1068,-22.839254],[-43.106799,-22.839255]],[[-43.10683,-22.839207],[-43.106799,-22.839254]],[[-43.1068,-22.839254],[-43.10683,-22.839207]],[[-43.106769,-22.839302],[-43.106769,-22.839301]],[[-43.106769,-22.839301],[-43.106769,-22.839302]],[[-43.106799,-22.839255],[-43.106799,-22.839254],[-43.106769,-22.839301]],[[-43.106769,-22.839301],[-43.106799,-22.839255]],[[-43.106739,-22.839348],[-43.106738,-22.839349]],[[-43.106739,-22.839348],[-43.106738,-22.839349]],[[-43.106769,-22.839302],[-43.106769,-22.839301],[-43.106739,-22.839348]],[[-43.106739,-22.839348],[-43.106769,-22.839302]],[[-43.106708,-22.839395],[-43.106708,-22.839396]],[[-43.106708,-22.839395],[-43.106708,-22.839396]],[[-43.106738,-22.839349],[-43.106708,-22.839395]],[[-43.106708,-22.839396],[-43.106738,-22.839349]],[[-43.106678,-22.839443],[-43.106677,-22.839443]],[[-43.106678,-22.839443],[-43.106677,-22.839443]],[[-43.106708,-22.839396],[-43.106678,-22.839443]],[[-43.106678,-22.839443],[-43.106708,-22.839396]],[[-43.106647,-22.83949],[-43.106647,-22.839491]],[[-43.106647,-22.83949],[-43.106647,-22.839491]],[[-43.106678,-22.839443],[-43.106677,-22.839443],[-43.106647,-22.83949]],[[-43.106647,-22.83949],[-43.106678,-22.839443]],[[-43.106617,-22.839538],[-43.106616,-22.839538]],[[-43.106616,-22.839537],[-43.106617,-22.839537],[-43.106617,-22.839538]],[[-43.106616,-22.839537],[-43.106616,-22.839538]],[[-43.106647,-22.839491],[-43.106616,-22.839537]],[[-43.106617,-22.839537],[-43.106647,-22.839491]],[[-43.106617,-22.839538],[-43.106616,-22.839538]],[[-43.106616,-22.839538],[-43.106616,-22.839539],[-43.106616,-22.839538]],[[-43.106616,-22.839539],[-43.106617,-22.839538]],[[-43.106924,-22.839174],[-43.106923,-22.839174]],[[-43.106924,-22.839175],[-43.106924,-22.839174]],[[-43.106924,-22.839175],[-43.106923,-22.839174]],[[-43.106975,-22.839203],[-43.106974,-22.839203],[-43.106924,-22.839175]],[[-43.106924,-22.839174],[-43.106975,-22.839203],[-43.106974,-22.839203]],[[-43.106975,-22.839204],[-43.106975,-22.839203]],[[-43.106975,-22.839204],[-43.106974,-22.839203]],[[-43.107026,-22.839232],[-43.107025,-22.839232],[-43.106975,-22.839204]],[[-43.106975,-22.839203],[-43.107026,-22.839232],[-43.107025,-22.839232]],[[-43.107026,-22.839233],[-43.107026,-22.839232]],[[-43.107026,-22.839233],[-43.107025,-22.839232]],[[-43.107077,-22.839261],[-43.107076,-22.839261],[-43.107026,-22.839233]],[[-43.107026,-22.839232],[-43.107077,-22.839261],[-43.107076,-22.839261]],[[-43.107077,-22.839262],[-43.107077,-22.839261]],[[-43.107077,-22.839262],[-43.107076,-22.839261]],[[-43.107128,-22.83929],[-43.107127,-22.83929],[-43.107077,-22.839262]],[[-43.107077,-22.839261],[-43.107128,-22.83929],[-43.107127,-22.83929]],[[-43.107128,-22.839291],[-43.107128,-22.83929]],[[-43.107128,-22.839291],[-43.107127,-22.83929]],[[-43.107179,-22.839319],[-43.107178,-22.839319],[-43.107128,-22.839291]],[[-43.107128,-22.83929],[-43.107179,-22.839319],[-43.107178,-22.839319]],[[-43.107179,-22.83932],[-43.107179,-22.839319]],[[-43.107179,-22.83932],[-43.107178,-22.839319]],[[-43.10723,-22.839348],[-43.107229,-22.839348],[-43.107179,-22.83932]],[[-43.107179,-22.839319],[-43.10723,-22.839348],[-43.107229,-22.839348]],[[-43.10723,-22.839349],[-43.10723,-22.839348]],[[-43.10723,-22.839349],[-43.107229,-22.839348]],[[-43.10728,-22.839377],[-43.10723,-22.839349]],[[-43.10723,-22.839348],[-43.10728,-22.839377]],[[-43.107281,-22.839378],[-43.107281,-22.839377],[-43.10728,-22.839377]],[[-43.107281,-22.839378],[-43.10728,-22.839377]],[[-43.107332,-22.839406],[-43.107331,-22.839406],[-43.107281,-22.839378]],[[-43.107281,-22.839377],[-43.107332,-22.839406],[-43.107331,-22.839406]],[[-43.107332,-22.839407],[-43.107332,-22.839406]],[[-43.107332,-22.839407],[-43.107331,-22.839406]],[[-43.107383,-22.839435],[-43.107382,-22.839435],[-43.107332,-22.839407]],[[-43.107332,-22.839406],[-43.107383,-22.839435],[-43.107382,-22.839435]],[[-43.107383,-22.839436],[-43.107383,-22.839435]],[[-43.107383,-22.839436],[-43.107382,-22.839435]],[[-43.107434,-22.839464],[-43.107433,-22.839464],[-43.107383,-22.839436]],[[-43.107383,-22.839435],[-43.107434,-22.839464],[-43.107433,-22.839464]],[[-43.107434,-22.839465],[-43.107434,-22.839464]],[[-43.107434,-22.839465],[-43.107433,-22.839464]],[[-43.107485,-22.839493],[-43.107484,-22.839493],[-43.107434,-22.839465]],[[-43.107434,-22.839464],[-43.107485,-22.839493],[-43.107484,-22.839493]],[[-43.107485,-22.839494],[-43.107485,-22.839493]],[[-43.107485,-22.839494],[-43.107484,-22.839493]],[[-43.107535,-22.839522],[-43.107485,-22.839494]],[[-43.107485,-22.839493],[-43.107535,-22.839522]],[[-43.107536,-22.839523],[-43.107536,-22.839522],[-43.107535,-22.839522]],[[-43.107536,-22.839523],[-43.107535,-22.839522]],[[-43.107587,-22.839551],[-43.107586,-22.839551],[-43.107536,-22.839523]],[[-43.107536,-22.839522],[-43.107587,-22.839551],[-43.107586,-22.839551]],[[-43.107587,-22.839552],[-43.107587,-22.839551]],[[-43.107587,-22.839552],[-43.107586,-22.839551]],[[-43.107638,-22.83958],[-43.107637,-22.83958],[-43.107587,-22.839552]],[[-43.107587,-22.839551],[-43.107638,-22.83958],[-43.107637,-22.83958]],[[-43.107638,-22.839581],[-43.107638,-22.83958]],[[-43.107638,-22.839581],[-43.107637,-22.83958]],[[-43.107688,-22.839609],[-43.107638,-22.839581]],[[-43.107638,-22.83958],[-43.107688,-22.839609]],[[-43.107689,-22.839609],[-43.107689,-22.83961],[-43.107688,-22.839609],[-43.107735,-22.839635],[-43.107735,-22.839636],[-43.107689,-22.83961]],[[-43.10948,-22.838222],[-43.109481,-22.838221]],[[-43.109481,-22.838222],[-43.10948,-22.838222]],[[-43.109481,-22.838222],[-43.109481,-22.838221]],[[-43.109483,-22.838222],[-43.109483,-22.838223],[-43.109482,-22.838223],[-43.109483,-22.838222]],[[-43.109482,-22.838223],[-43.109481,-22.838222]],[[-43.109483,-22.838222],[-43.109481,-22.838222]],[[-43.109484,-22.838224],[-43.109484,-22.838223]],[[-43.109484,-22.838223],[-43.109484,-22.838224]],[[-43.109483,-22.838222],[-43.109483,-22.838223],[-43.109482,-22.838223],[-43.109483,-22.838222]],[[-43.109482,-22.838223],[-43.109484,-22.838223]],[[-43.109483,-22.838222],[-43.109484,-22.838223]],[[-43.109486,-22.838224],[-43.109485,-22.838225]],[[-43.109484,-22.838223],[-43.109484,-22.838224]],[[-43.109485,-22.838225],[-43.109486,-22.838224]],[[-43.109484,-22.838223],[-43.109486,-22.838224]],[[-43.109484,-22.838224],[-43.109485,-22.838224]],[[-43.109488,-22.838225],[-43.109488,-22.838226]],[[-43.109487,-22.838226],[-43.109488,-22.838225]],[[-43.109488,-22.838226],[-43.109487,-22.838226]],[[-43.109487,-22.838225],[-43.109488,-22.838225]],[[-43.109487,-22.838225],[-43.109488,-22.838226]],[[-43.109487,-22.838224],[-43.109488,-22.838225],[-43.109487,-22.838226],[-43.109486,-22.838225],[-43.109487,-22.838224]],[[-43.109486,-22.838224],[-43.109485,-22.838225],[-43.109486,-22.838224]],[[-43.109485,-22.838225],[-43.109486,-22.838225]],[[-43.109493,-22.838229],[-43.109493,-22.838228]],[[-43.109493,-22.838228],[-43.109492,-22.838228],[-43.109493,-22.838229]],[[-43.109491,-22.838227],[-43.109491,-22.838228],[-43.109491,-22.838227]],[[-43.109491,-22.838227],[-43.109492,-22.838228]],[[-43.109491,-22.838227],[-43.109493,-22.838228]],[[-43.10949,-22.838227],[-43.109489,-22.838226]],[[-43.10949,-22.838227],[-43.109489,-22.838226]],[[-43.109491,-22.838227],[-43.109491,-22.838228],[-43.109491,-22.838227]],[[-43.109491,-22.838227],[-43.10949,-22.838227]],[[-43.109491,-22.838227],[-43.10949,-22.838227]],[[-43.109488,-22.838225],[-43.109488,-22.838226]],[[-43.109488,-22.838226],[-43.109488,-22.838225]],[[-43.109489,-22.838226],[-43.109488,-22.838225]],[[-43.109489,-22.838226],[-43.109488,-22.838226]],[[-43.109493,-22.838228],[-43.109494,-22.838229],[-43.109493,-22.838229],[-43.109493,-22.838228]],[[-43.109494,-22.838229],[-43.109496,-22.83823]],[[-43.109496,-22.83823],[-43.109494,-22.838229]],[[-43.109498,-22.838232],[-43.109498,-22.838231]],[[-43.109498,-22.83823],[-43.109497,-22.838232]],[[-43.109499,-22.83823],[-43.109498,-22.83823]],[[-43.109496,-22.83823],[-43.109498,-22.838231]],[[-43.109496,-22.83823],[-43.109498,-22.838231]],[[-43.109499,-22.83823],[-43.109497,-22.838232]],[[-43.1095,-22.838233],[-43.109501,-22.838232]],[[-43.1095,-22.838231],[-43.109499,-22.838233],[-43.1095,-22.838233]],[[-43.1095,-22.838231],[-43.109501,-22.838232],[-43.1095,-22.838233]],[[-43.1095,-22.838233],[-43.1095,-22.838232]],[[-43.109498,-22.838232],[-43.109498,-22.838231]],[[-43.109499,-22.83823],[-43.109497,-22.838232]],[[-43.109499,-22.83823],[-43.109497,-22.838232]],[[-43.109498,-22.838231],[-43.109498,-22.838232],[-43.1095,-22.838232]],[[-43.1095,-22.838233],[-43.109498,-22.838231]],[[-43.109499,-22.838232],[-43.109499,-22.838233]],[[-43.109499,-22.838232],[-43.109498,-22.838232]],[[-43.109506,-22.838236],[-43.109505,-22.838235]],[[-43.109506,-22.838236],[-43.109505,-22.838235]],[[-43.109507,-22.838236],[-43.109507,-22.838237],[-43.109507,-22.838236]],[[-43.109507,-22.838237],[-43.109506,-22.838236]],[[-43.109507,-22.838236],[-43.109506,-22.838236]],[[-43.109509,-22.838238],[-43.109509,-22.838237]],[[-43.109508,-22.838237],[-43.109509,-22.838238]],[[-43.109508,-22.838237],[-43.109509,-22.838237]],[[-43.109507,-22.838236],[-43.109507,-22.838237],[-43.109507,-22.838236]],[[-43.109507,-22.838237],[-43.109508,-22.838237]],[[-43.109507,-22.838236],[-43.109508,-22.838237]],[[-43.109504,-22.838235],[-43.109505,-22.838235],[-43.109505,-22.838236],[-43.109504,-22.838235]],[[-43.109502,-22.838233],[-43.109502,-22.838234]],[[-43.109503,-22.838235],[-43.109504,-22.838234],[-43.109504,-22.838235]],[[-43.109504,-22.838234],[-43.109502,-22.838233]],[[-43.109502,-22.838234],[-43.109504,-22.838235]],[[-43.1095,-22.838233],[-43.109501,-22.838232]],[[-43.109502,-22.838234],[-43.109502,-22.838233]],[[-43.109501,-22.838232],[-43.1095,-22.838233]],[[-43.109502,-22.838234],[-43.1095,-22.838233]],[[-43.109502,-22.838233],[-43.1095,-22.838232]],[[-43.109501,-22.838232],[-43.1095,-22.838233]],[[-43.10951,-22.838238],[-43.109509,-22.838238],[-43.109509,-22.838237],[-43.109517,-22.838242],[-43.109509,-22.838238]],[[-43.109517,-22.838242],[-43.109518,-22.838243]],[[-43.109517,-22.838242],[-43.109518,-22.838243]],[[-43.109518,-22.838245],[-43.109519,-22.838244]],[[-43.109518,-22.838245],[-43.109519,-22.838244]],[[-43.109519,-22.838244],[-43.109518,-22.838244],[-43.109518,-22.838243]],[[-43.109519,-22.838244],[-43.109518,-22.838243]],[[-43.109478,-22.83822],[-43.109481,-22.838221],[-43.10948,-22.838222],[-43.109478,-22.83822]],[[-43.109477,-22.838219],[-43.109477,-22.83822],[-43.109477,-22.838219]],[[-43.109477,-22.83822],[-43.109478,-22.83822]],[[-43.109478,-22.83822],[-43.109477,-22.838219]],[[-43.109518,-22.838246],[-43.109518,-22.838245],[-43.109414,-22.838407],[-43.109518,-22.838246]],[[-43.109272,-22.838117],[-43.109273,-22.838117]],[[-43.109272,-22.838117],[-43.109273,-22.838117]],[[-43.109271,-22.838116],[-43.10927,-22.838116],[-43.109271,-22.838116]],[[-43.109271,-22.838116],[-43.109272,-22.838117]],[[-43.109271,-22.838116],[-43.109272,-22.838117]],[[-43.10927,-22.838115],[-43.109269,-22.838116],[-43.109269,-22.838115]],[[-43.10927,-22.838115],[-43.109269,-22.838115]],[[-43.109271,-22.838116],[-43.10927,-22.838116],[-43.109271,-22.838116],[-43.109269,-22.838116]],[[-43.109271,-22.838116],[-43.10927,-22.838115]],[[-43.109268,-22.838114],[-43.109267,-22.838115]],[[-43.109267,-22.838115],[-43.109268,-22.838114]],[[-43.109269,-22.838115],[-43.109268,-22.838114]],[[-43.109269,-22.838115],[-43.109268,-22.838115]],[[-43.109266,-22.838113],[-43.109265,-22.838114]],[[-43.109265,-22.838114],[-43.109266,-22.838113]],[[-43.109266,-22.838114],[-43.109266,-22.838113]],[[-43.109266,-22.838113],[-43.109268,-22.838114],[-43.109267,-22.838115],[-43.109266,-22.838114],[-43.109266,-22.838113]],[[-43.109268,-22.838114],[-43.109267,-22.838115],[-43.109268,-22.838114]],[[-43.109267,-22.838114],[-43.109268,-22.838114]],[[-43.109267,-22.838114],[-43.109267,-22.838115]],[[-43.10926,-22.838111],[-43.109261,-22.83811]],[[-43.109261,-22.83811],[-43.109261,-22.838111],[-43.10926,-22.838111]],[[-43.109263,-22.838112],[-43.109262,-22.838111],[-43.109263,-22.838112]],[[-43.109262,-22.838112],[-43.109261,-22.838111]],[[-43.109262,-22.838111],[-43.109261,-22.83811]],[[-43.109264,-22.838113],[-43.109264,-22.838112]],[[-43.109264,-22.838112],[-43.109263,-22.838112],[-43.109264,-22.838113]],[[-43.109262,-22.838111],[-43.109263,-22.838112],[-43.109262,-22.838111]],[[-43.109262,-22.838112],[-43.109263,-22.838112]],[[-43.109262,-22.838111],[-43.109264,-22.838112]],[[-43.109266,-22.838113],[-43.109265,-22.838114]],[[-43.109264,-22.838112],[-43.109264,-22.838113]],[[-43.109265,-22.838114],[-43.109266,-22.838113]],[[-43.109264,-22.838112],[-43.109265,-22.838113]],[[-43.109264,-22.838113],[-43.109265,-22.838113]],[[-43.10926,-22.838109],[-43.109261,-22.83811],[-43.10926,-22.83811],[-43.109259,-22.83811],[-43.10926,-22.838109]],[[-43.109257,-22.838108],[-43.109257,-22.838109]],[[-43.10926,-22.838109],[-43.109259,-22.83811]],[[-43.109259,-22.83811],[-43.109259,-22.838109],[-43.10926,-22.838109]],[[-43.109259,-22.838109],[-43.109257,-22.838108]],[[-43.109257,-22.838109],[-43.109259,-22.83811]],[[-43.109255,-22.838108],[-43.109256,-22.838107]],[[-43.109257,-22.838109],[-43.109257,-22.838108]],[[-43.109256,-22.838107],[-43.109255,-22.838108]],[[-43.109257,-22.838109],[-43.109256,-22.838108]],[[-43.109257,-22.838108],[-43.109256,-22.838107]],[[-43.109256,-22.838107],[-43.109255,-22.838108]],[[-43.109256,-22.838108],[-43.109257,-22.838108]],[[-43.109253,-22.838107],[-43.109253,-22.838106]],[[-43.109254,-22.838105],[-43.109253,-22.838107]],[[-43.109254,-22.838105],[-43.109253,-22.838107]],[[-43.109253,-22.838107],[-43.109254,-22.838106]],[[-43.109256,-22.838107],[-43.109255,-22.838108],[-43.109256,-22.838107]],[[-43.109256,-22.838107],[-43.109255,-22.838108]],[[-43.109256,-22.838107],[-43.109255,-22.838108],[-43.109254,-22.838106]],[[-43.109253,-22.838107],[-43.109256,-22.838107]],[[-43.109254,-22.838107],[-43.109254,-22.838108]],[[-43.109248,-22.838104],[-43.109248,-22.838103]],[[-43.109248,-22.838103],[-43.109247,-22.838103],[-43.109248,-22.838104]],[[-43.109246,-22.838102],[-43.109247,-22.838102],[-43.109246,-22.838102]],[[-43.109246,-22.838102],[-43.109247,-22.838103]],[[-43.109247,-22.838102],[-43.109248,-22.838103]],[[-43.109245,-22.838101],[-43.109245,-22.838102],[-43.109244,-22.838101]],[[-43.109245,-22.838101],[-43.109244,-22.838101]],[[-43.109246,-22.838102],[-43.109247,-22.838102],[-43.109246,-22.838102],[-43.109245,-22.838102]],[[-43.109247,-22.838102],[-43.109245,-22.838101]],[[-43.109248,-22.838103],[-43.109249,-22.838104],[-43.109248,-22.838103]],[[-43.109252,-22.838105],[-43.109251,-22.838105]],[[-43.10925,-22.838104],[-43.109249,-22.838104]],[[-43.10925,-22.838104],[-43.109252,-22.838105]],[[-43.109251,-22.838105],[-43.109249,-22.838104]],[[-43.109253,-22.838107],[-43.109253,-22.838106]],[[-43.109251,-22.838105],[-43.109252,-22.838105]],[[-43.109254,-22.838105],[-43.109253,-22.838107]],[[-43.109251,-22.838105],[-43.109253,-22.838106]],[[-43.109252,-22.838105],[-43.109253,-22.838106]],[[-43.109254,-22.838105],[-43.109253,-22.838107]],[[-43.109252,-22.838106],[-43.109252,-22.838105]],[[-43.109244,-22.838101],[-43.109236,-22.838096],[-43.109236,-22.838097],[-43.109244,-22.838101]],[[-43.109236,-22.838097],[-43.109236,-22.838096],[-43.109235,-22.838096]],[[-43.109236,-22.838097],[-43.109235,-22.838096]],[[-43.109233,-22.838097],[-43.109234,-22.838096]],[[-43.109233,-22.838097],[-43.109233,-22.838096]],[[-43.109234,-22.838096],[-43.109235,-22.838096]],[[-43.109233,-22.838096],[-43.109234,-22.838096],[-43.109235,-22.838096]],[[-43.109273,-22.838117],[-43.109274,-22.838117],[-43.109273,-22.838118],[-43.109273,-22.838117]],[[-43.109273,-22.838118],[-43.109273,-22.838117]],[[-43.109233,-22.838098],[-43.109232,-22.838098],[-43.109233,-22.838097],[-43.109201,-22.838146],[-43.109135,-22.838248],[-43.109232,-22.838098]],[[-43.110045,-22.838606],[-43.110046,-22.838606]],[[-43.110045,-22.838606],[-43.110046,-22.838606]],[[-43.110044,-22.838605],[-43.110043,-22.838605],[-43.110044,-22.838605]],[[-43.110044,-22.838605],[-43.110045,-22.838606]],[[-43.110044,-22.838605],[-43.110045,-22.838606]],[[-43.110042,-22.838605],[-43.110043,-22.838604],[-43.110042,-22.838604]],[[-43.110042,-22.838605],[-43.110042,-22.838604]],[[-43.110044,-22.838605],[-43.110043,-22.838605],[-43.110044,-22.838605]],[[-43.110044,-22.838605],[-43.110043,-22.838604]],[[-43.110044,-22.838605],[-43.110042,-22.838605]],[[-43.11004,-22.838604],[-43.110041,-22.838603]],[[-43.110041,-22.838603],[-43.110041,-22.838604],[-43.11004,-22.838604]],[[-43.110042,-22.838604],[-43.110041,-22.838604]],[[-43.110042,-22.838604],[-43.110041,-22.838603]],[[-43.110038,-22.838603],[-43.110039,-22.838602]],[[-43.110039,-22.838602],[-43.110038,-22.838603]],[[-43.110039,-22.838603],[-43.110039,-22.838602]],[[-43.110039,-22.838602],[-43.11004,-22.838602],[-43.11004,-22.838603],[-43.110039,-22.838603],[-43.110039,-22.838602]],[[-43.11004,-22.838604],[-43.110041,-22.838603],[-43.11004,-22.838604]],[[-43.11004,-22.838603],[-43.110041,-22.838603]],[[-43.110034,-22.838599],[-43.110033,-22.838599]],[[-43.110034,-22.8386],[-43.110034,-22.838599]],[[-43.110034,-22.8386],[-43.110033,-22.838599]],[[-43.110035,-22.8386],[-43.110036,-22.8386],[-43.110035,-22.838601],[-43.110035,-22.8386]],[[-43.110036,-22.8386],[-43.110034,-22.838599]],[[-43.110035,-22.838601],[-43.110034,-22.8386]],[[-43.110037,-22.838601],[-43.110037,-22.838602]],[[-43.110036,-22.838601],[-43.110037,-22.838601]],[[-43.110036,-22.838601],[-43.110037,-22.838602]],[[-43.110035,-22.8386],[-43.110036,-22.8386],[-43.110035,-22.838601],[-43.110035,-22.8386]],[[-43.110036,-22.8386],[-43.110037,-22.838601]],[[-43.110035,-22.838601],[-43.110036,-22.838601]],[[-43.110038,-22.838603],[-43.110039,-22.838602]],[[-43.110037,-22.838602],[-43.110037,-22.838601]],[[-43.110039,-22.838602],[-43.110038,-22.838603]],[[-43.110037,-22.838602],[-43.110038,-22.838602]],[[-43.110037,-22.838601],[-43.110038,-22.838602]],[[-43.11002,-22.838592],[-43.110034,-22.838599],[-43.110033,-22.838599],[-43.11002,-22.838592]],[[-43.110018,-22.838591],[-43.110018,-22.83859]],[[-43.11002,-22.838591],[-43.11002,-22.838592]],[[-43.11002,-22.838592],[-43.110018,-22.838591]],[[-43.110018,-22.83859],[-43.11002,-22.838592]],[[-43.110016,-22.838589],[-43.110016,-22.83859]],[[-43.110018,-22.83859],[-43.110018,-22.838591]],[[-43.110016,-22.83859],[-43.110017,-22.838589]],[[-43.110018,-22.83859],[-43.110017,-22.838589]],[[-43.110018,-22.838591],[-43.110016,-22.83859]],[[-43.110016,-22.83859],[-43.110017,-22.838589]],[[-43.110014,-22.838588],[-43.110014,-22.838589]],[[-43.110014,-22.838589],[-43.110015,-22.838587],[-43.110014,-22.838587]],[[-43.110014,-22.838589],[-43.110013,-22.838589],[-43.110014,-22.838587]],[[-43.110015,-22.838588],[-43.110014,-22.838589]],[[-43.110016,-22.838589],[-43.110016,-22.83859]],[[-43.110016,-22.83859],[-43.110017,-22.838589]],[[-43.110016,-22.83859],[-43.110017,-22.838589]],[[-43.110016,-22.83859],[-43.110016,-22.838589],[-43.110014,-22.838589]],[[-43.110015,-22.838588],[-43.110016,-22.83859]],[[-43.110015,-22.838589],[-43.110015,-22.838588],[-43.110016,-22.838588]],[[-43.110009,-22.838585],[-43.110009,-22.838586]],[[-43.110008,-22.838585],[-43.110009,-22.838585]],[[-43.110008,-22.838585],[-43.110009,-22.838586]],[[-43.110007,-22.838584],[-43.110007,-22.838585],[-43.110007,-22.838584]],[[-43.110007,-22.838584],[-43.110008,-22.838585]],[[-43.110007,-22.838584],[-43.110008,-22.838585]],[[-43.110006,-22.838584],[-43.110006,-22.838583],[-43.110005,-22.838583]],[[-43.110006,-22.838584],[-43.110005,-22.838583]],[[-43.110007,-22.838584],[-43.110007,-22.838585],[-43.110007,-22.838584]],[[-43.110007,-22.838584],[-43.110006,-22.838583]],[[-43.110007,-22.838584],[-43.110006,-22.838584]],[[-43.110009,-22.838585],[-43.11001,-22.838586],[-43.110009,-22.838586],[-43.110009,-22.838585]],[[-43.11001,-22.838586],[-43.110012,-22.838587]],[[-43.110012,-22.838587],[-43.11001,-22.838586]],[[-43.110014,-22.838588],[-43.110014,-22.838589]],[[-43.110013,-22.838589],[-43.110014,-22.838587]],[[-43.110012,-22.838587],[-43.110014,-22.838588]],[[-43.110012,-22.838587],[-43.110013,-22.838588]],[[-43.110013,-22.838589],[-43.110014,-22.838587]],[[-43.109629,-22.838505],[-43.10963,-22.838504]],[[-43.109632,-22.838506],[-43.109631,-22.838506],[-43.109632,-22.838506]],[[-43.109631,-22.838506],[-43.109629,-22.838505]],[[-43.10963,-22.838504],[-43.109632,-22.838506]],[[-43.109628,-22.838503],[-43.109627,-22.838504]],[[-43.10963,-22.838505],[-43.109629,-22.838505]],[[-43.109627,-22.838505],[-43.109629,-22.838503],[-43.109628,-22.838503]],[[-43.10963,-22.838505],[-43.109628,-22.838504]],[[-43.109629,-22.838505],[-43.109628,-22.838504]],[[-43.109627,-22.838505],[-43.109628,-22.838503]],[[-43.109626,-22.838502],[-43.109625,-22.838503]],[[-43.109625,-22.838503],[-43.109626,-22.838502]],[[-43.109625,-22.838503],[-43.109626,-22.838502]],[[-43.109626,-22.838502],[-43.109625,-22.838503]],[[-43.109627,-22.838504],[-43.109628,-22.838503],[-43.109627,-22.838505]],[[-43.109628,-22.838503],[-43.109629,-22.838503]],[[-43.109627,-22.838505],[-43.109628,-22.838503]],[[-43.109627,-22.838504],[-43.109628,-22.838503],[-43.109625,-22.838503]],[[-43.109626,-22.838502],[-43.109627,-22.838504]],[[-43.109627,-22.838503],[-43.109627,-22.838502]],[[-43.109621,-22.838499],[-43.109621,-22.8385]],[[-43.10962,-22.838499],[-43.109621,-22.838499]],[[-43.10962,-22.838499],[-43.109621,-22.8385]],[[-43.109619,-22.838498],[-43.109619,-22.838499],[-43.109618,-22.838499],[-43.109619,-22.838498]],[[-43.109619,-22.838498],[-43.10962,-22.838499]],[[-43.109619,-22.838499],[-43.10962,-22.838499]],[[-43.109617,-22.838497],[-43.109616,-22.838497]],[[-43.109617,-22.838498],[-43.109617,-22.838497]],[[-43.109617,-22.838498],[-43.109616,-22.838497]],[[-43.109619,-22.838498],[-43.109618,-22.838499],[-43.109619,-22.838499],[-43.109619,-22.838498],[-43.109617,-22.838498]],[[-43.109619,-22.838499],[-43.109617,-22.838498]],[[-43.109621,-22.838499],[-43.109622,-22.8385],[-43.109621,-22.8385],[-43.109621,-22.838499]],[[-43.109621,-22.8385],[-43.109622,-22.8385]],[[-43.109622,-22.8385],[-43.109621,-22.8385]],[[-43.109622,-22.8385],[-43.109624,-22.838501]],[[-43.109624,-22.838501],[-43.109622,-22.8385]],[[-43.109626,-22.838502],[-43.109625,-22.838503]],[[-43.109625,-22.838503],[-43.109626,-22.838501],[-43.109626,-22.838502]],[[-43.109624,-22.838501],[-43.109625,-22.838502]],[[-43.109624,-22.838501],[-43.109625,-22.838502]],[[-43.109625,-22.838503],[-43.109626,-22.838502]],[[-43.109599,-22.838487],[-43.109598,-22.838487],[-43.109617,-22.838497],[-43.109616,-22.838497],[-43.109599,-22.838487]],[[-43.109901,-22.838264],[-43.109901,-22.838263],[-43.109901,-22.838264]],[[-43.109901,-22.838263],[-43.1099,-22.838263]],[[-43.1099,-22.838263],[-43.109901,-22.838264]],[[-43.110165,-22.837717],[-43.110165,-22.837716],[-43.110166,-22.837717]],[[-43.110165,-22.837717],[-43.110166,-22.837717]],[[-43.110164,-22.837715],[-43.110164,-22.837716],[-43.110164,-22.837715]],[[-43.110164,-22.837716],[-43.110165,-22.837716]],[[-43.110164,-22.837716],[-43.110165,-22.837717]],[[-43.110163,-22.837715],[-43.110162,-22.837715]],[[-43.110163,-22.837715],[-43.110162,-22.837715]],[[-43.110164,-22.837716],[-43.110164,-22.837715],[-43.110164,-22.837716],[-43.110163,-22.837715]],[[-43.110164,-22.837716],[-43.110163,-22.837715]],[[-43.11016,-22.837714],[-43.110161,-22.837713]],[[-43.110162,-22.837714],[-43.110161,-22.837715],[-43.11016,-22.837714]],[[-43.110161,-22.837713],[-43.110162,-22.837714]],[[-43.110162,-22.837715],[-43.110161,-22.837714]],[[-43.110162,-22.837715],[-43.110161,-22.837714]],[[-43.110158,-22.837713],[-43.110159,-22.837712]],[[-43.110159,-22.837712],[-43.110159,-22.837713],[-43.110158,-22.837713]],[[-43.11016,-22.837713],[-43.110161,-22.837713],[-43.11016,-22.837714],[-43.110159,-22.837714],[-43.11016,-22.837713]],[[-43.11016,-22.837714],[-43.110161,-22.837713],[-43.11016,-22.837714]],[[-43.110161,-22.837713],[-43.110162,-22.837714]],[[-43.11016,-22.837714],[-43.110161,-22.837714]],[[-43.110161,-22.837713],[-43.110161,-22.837714]],[[-43.110156,-22.837711],[-43.110155,-22.837711],[-43.110156,-22.837711]],[[-43.110156,-22.837711],[-43.110154,-22.83771]],[[-43.110156,-22.837711],[-43.110154,-22.83771]],[[-43.110158,-22.837712],[-43.110157,-22.837712]],[[-43.110157,-22.837712],[-43.110158,-22.837712]],[[-43.110155,-22.837711],[-43.110156,-22.837711],[-43.110155,-22.837711]],[[-43.110156,-22.837711],[-43.110157,-22.837712]],[[-43.110156,-22.837711],[-43.110157,-22.837712]],[[-43.110158,-22.837713],[-43.110159,-22.837712]],[[-43.110157,-22.837712],[-43.110158,-22.837712]],[[-43.110159,-22.837712],[-43.110158,-22.837713]],[[-43.110157,-22.837712],[-43.110158,-22.837713]],[[-43.110158,-22.837712],[-43.110159,-22.837712]],[[-43.110153,-22.837709],[-43.110154,-22.83771],[-43.110153,-22.837709]],[[-43.11015,-22.837708],[-43.110151,-22.837708]],[[-43.110152,-22.837709],[-43.110153,-22.837709]],[[-43.110152,-22.837709],[-43.11015,-22.837708]],[[-43.110151,-22.837708],[-43.110153,-22.837709]],[[-43.110149,-22.837706],[-43.110148,-22.837707]],[[-43.110151,-22.837708],[-43.11015,-22.837708]],[[-43.110148,-22.837708],[-43.11015,-22.837706],[-43.110149,-22.837706]],[[-43.110151,-22.837708],[-43.110149,-22.837707]],[[-43.11015,-22.837708],[-43.110149,-22.837707]],[[-43.110148,-22.837708],[-43.110149,-22.837706]],[[-43.11015,-22.837707],[-43.11015,-22.837708]],[[-43.110147,-22.837705],[-43.110146,-22.837706]],[[-43.110146,-22.837707],[-43.110147,-22.837705]],[[-43.110146,-22.837707],[-43.110147,-22.837705]],[[-43.110147,-22.837705],[-43.110146,-22.837706]],[[-43.110149,-22.837706],[-43.110148,-22.837707]],[[-43.110148,-22.837708],[-43.110149,-22.837706]],[[-43.110148,-22.837708],[-43.110149,-22.837706]],[[-43.110148,-22.837707],[-43.110149,-22.837706],[-43.110146,-22.837706]],[[-43.110147,-22.837705],[-43.110148,-22.837707]],[[-43.110148,-22.837706],[-43.110148,-22.837705]],[[-43.110142,-22.837703],[-43.110141,-22.837703]],[[-43.110141,-22.837703],[-43.110141,-22.837702],[-43.110142,-22.837703]],[[-43.110139,-22.837701],[-43.11014,-22.837702],[-43.110139,-22.837702],[-43.110139,-22.837701]],[[-43.11014,-22.837702],[-43.110141,-22.837702]],[[-43.11014,-22.837702],[-43.110141,-22.837703]],[[-43.11014,-22.837702],[-43.110139,-22.837701],[-43.110139,-22.837702],[-43.11014,-22.837702],[-43.110138,-22.837701]],[[-43.11014,-22.837702],[-43.110138,-22.837701]],[[-43.110142,-22.837703],[-43.110141,-22.837703],[-43.110142,-22.837703]],[[-43.110143,-22.837704],[-43.110142,-22.837703]],[[-43.110143,-22.837704],[-43.110145,-22.837705]],[[-43.110145,-22.837705],[-43.110142,-22.837703]],[[-43.110147,-22.837705],[-43.110146,-22.837706]],[[-43.110146,-22.837707],[-43.110147,-22.837705]],[[-43.110145,-22.837705],[-43.110146,-22.837705]],[[-43.110145,-22.837705],[-43.110146,-22.837706]],[[-43.110146,-22.837707],[-43.110147,-22.837705]],[[-43.110216,-22.837746],[-43.110217,-22.837745],[-43.110217,-22.837746]],[[-43.110216,-22.837746],[-43.110217,-22.837746]],[[-43.110166,-22.837717],[-43.110216,-22.837746]],[[-43.110217,-22.837745],[-43.110166,-22.837717]],[[-43.110137,-22.837701],[-43.110137,-22.8377],[-43.110138,-22.837701],[-43.110114,-22.837687],[-43.110137,-22.8377]],[[-43.110447,-22.83772],[-43.110448,-22.837719],[-43.110448,-22.83772],[-43.110188,-22.837572],[-43.110189,-22.837572],[-43.110448,-22.837719]],[[-43.110374,-22.83798],[-43.110373,-22.83798],[-43.110374,-22.83798]],[[-43.110374,-22.83798],[-43.110373,-22.83798]],[[-43.110338,-22.83796],[-43.110338,-22.837959],[-43.110338,-22.83796]],[[-43.110336,-22.837959],[-43.110337,-22.837959],[-43.110336,-22.837959]],[[-43.110337,-22.837959],[-43.110338,-22.837959]],[[-43.110336,-22.837959],[-43.110338,-22.83796]],[[-43.110334,-22.837957],[-43.110334,-22.837958]],[[-43.110335,-22.837958],[-43.110334,-22.837957]],[[-43.110335,-22.837958],[-43.110334,-22.837958]],[[-43.110336,-22.837959],[-43.110337,-22.837959],[-43.110336,-22.837959]],[[-43.110337,-22.837959],[-43.110335,-22.837958]],[[-43.110336,-22.837959],[-43.110335,-22.837958]],[[-43.110333,-22.837958],[-43.110334,-22.837956]],[[-43.110334,-22.837958],[-43.110334,-22.837957]],[[-43.110334,-22.837957],[-43.110333,-22.837958]],[[-43.110334,-22.837956],[-43.110334,-22.837957]],[[-43.110334,-22.837958],[-43.110333,-22.837957]],[[-43.110331,-22.837956],[-43.110331,-22.837955]],[[-43.110332,-22.837955],[-43.110331,-22.837956]],[[-43.110331,-22.837955],[-43.110332,-22.837955]],[[-43.110332,-22.837956],[-43.110331,-22.837956]],[[-43.110332,-22.837956],[-43.110331,-22.837956]],[[-43.110332,-22.837956],[-43.110333,-22.837956],[-43.110332,-22.837957],[-43.110331,-22.837957],[-43.110332,-22.837956]],[[-43.110333,-22.837958],[-43.110334,-22.837956],[-43.110333,-22.837958]],[[-43.110334,-22.837956],[-43.110334,-22.837957]],[[-43.110332,-22.837957],[-43.110333,-22.837957]],[[-43.110333,-22.837956],[-43.110333,-22.837957]],[[-43.110326,-22.837953],[-43.110327,-22.837953],[-43.110326,-22.837953]],[[-43.110328,-22.837954],[-43.110327,-22.837953]],[[-43.110328,-22.837954],[-43.110326,-22.837953]],[[-43.110329,-22.837955],[-43.11033,-22.837955]],[[-43.110329,-22.837955],[-43.11033,-22.837955]],[[-43.110328,-22.837954],[-43.110329,-22.837955]],[[-43.110328,-22.837954],[-43.110329,-22.837955]],[[-43.110331,-22.837956],[-43.110331,-22.837955]],[[-43.110331,-22.837955],[-43.110331,-22.837956]],[[-43.110331,-22.837955],[-43.110332,-22.837955]],[[-43.11033,-22.837955],[-43.110331,-22.837956]],[[-43.11033,-22.837955],[-43.110331,-22.837956]],[[-43.110325,-22.837952],[-43.110326,-22.837953],[-43.110325,-22.837953],[-43.110325,-22.837952]],[[-43.110325,-22.837953],[-43.110325,-22.837952]],[[-43.110325,-22.837952],[-43.110325,-22.837953]],[[-43.110325,-22.837952],[-43.110323,-22.837951]],[[-43.110323,-22.837951],[-43.110325,-22.837952]],[[-43.110321,-22.83795],[-43.110321,-22.837951]],[[-43.110321,-22.837951],[-43.110322,-22.837949]],[[-43.11032,-22.837951],[-43.110321,-22.837951]],[[-43.110323,-22.837951],[-43.110321,-22.83795]],[[-43.110323,-22.837951],[-43.110321,-22.83795]],[[-43.11032,-22.837951],[-43.110322,-22.837949]],[[-43.110322,-22.83795],[-43.110322,-22.837951]],[[-43.110319,-22.837948],[-43.110318,-22.837949]],[[-43.110319,-22.83795],[-43.11032,-22.837948],[-43.110319,-22.837948]],[[-43.110319,-22.83795],[-43.110318,-22.83795],[-43.110319,-22.837948]],[[-43.110319,-22.837948],[-43.110319,-22.837949]],[[-43.110321,-22.83795],[-43.110321,-22.837951]],[[-43.11032,-22.837951],[-43.110322,-22.837949]],[[-43.11032,-22.837951],[-43.110322,-22.837949]],[[-43.110321,-22.837951],[-43.110321,-22.83795],[-43.110319,-22.837949]],[[-43.110319,-22.837948],[-43.110321,-22.837951]],[[-43.11032,-22.83795],[-43.11032,-22.837949]],[[-43.11032,-22.837949],[-43.110321,-22.837949]],[[-43.110313,-22.837946],[-43.110313,-22.837945],[-43.110314,-22.837946]],[[-43.110313,-22.837946],[-43.110314,-22.837946]],[[-43.110312,-22.837945],[-43.110313,-22.837945]],[[-43.110312,-22.837945],[-43.110313,-22.837946]],[[-43.11031,-22.837944],[-43.110311,-22.837944],[-43.11031,-22.837944]],[[-43.110312,-22.837945],[-43.110311,-22.837944]],[[-43.110312,-22.837945],[-43.11031,-22.837944]],[[-43.110314,-22.837946],[-43.110315,-22.837946],[-43.110315,-22.837947],[-43.110314,-22.837946]],[[-43.110315,-22.837947],[-43.110315,-22.837946]],[[-43.110315,-22.837946],[-43.110315,-22.837947]],[[-43.110315,-22.837947],[-43.110317,-22.837948]],[[-43.110317,-22.837948],[-43.110315,-22.837946]],[[-43.110319,-22.837948],[-43.110318,-22.837949]],[[-43.110318,-22.837949],[-43.110319,-22.837948]],[[-43.110318,-22.83795],[-43.110318,-22.837949]],[[-43.110317,-22.837948],[-43.110318,-22.837948]],[[-43.110317,-22.837948],[-43.110318,-22.837949]],[[-43.110318,-22.83795],[-43.110319,-22.837948]],[[-43.110318,-22.837948],[-43.110318,-22.837949]],[[-43.110308,-22.837942],[-43.110307,-22.837943],[-43.110307,-22.837942]],[[-43.110308,-22.837942],[-43.110307,-22.837942]],[[-43.110307,-22.837939],[-43.110306,-22.837941]],[[-43.110307,-22.837939],[-43.110306,-22.83794]],[[-43.110307,-22.837942],[-43.110306,-22.837942]],[[-43.110306,-22.837941],[-43.110307,-22.837942]],[[-43.110306,-22.83794],[-43.110306,-22.837941],[-43.110306,-22.837942]],[[-43.110309,-22.837944],[-43.11031,-22.837943],[-43.11031,-22.837944],[-43.110307,-22.837943],[-43.110308,-22.837942],[-43.11031,-22.837943]],[[-43.110339,-22.837961],[-43.110339,-22.83796],[-43.110338,-22.83796],[-43.110373,-22.83798],[-43.110339,-22.83796]],[[-43.110307,-22.837939],[-43.110448,-22.83772],[-43.110449,-22.83772],[-43.110307,-22.837939]],[[-43.110776,-22.837525],[-43.110775,-22.837526]],[[-43.110776,-22.837525],[-43.110776,-22.837526],[-43.110776,-22.837525]],[[-43.110775,-22.837526],[-43.110776,-22.837526]],[[-43.110707,-22.837487],[-43.110708,-22.837487]],[[-43.110707,-22.837487],[-43.110708,-22.837487]],[[-43.110706,-22.837486],[-43.110707,-22.837486],[-43.110706,-22.837486]],[[-43.110706,-22.837486],[-43.110708,-22.837487]],[[-43.110706,-22.837486],[-43.110707,-22.837487]],[[-43.110705,-22.837485],[-43.110704,-22.837485]],[[-43.110705,-22.837485],[-43.110704,-22.837485]],[[-43.110707,-22.837486],[-43.110706,-22.837486],[-43.110707,-22.837486]],[[-43.110706,-22.837486],[-43.110705,-22.837485]],[[-43.110706,-22.837486],[-43.110705,-22.837485]],[[-43.110703,-22.837485],[-43.110703,-22.837484]],[[-43.110703,-22.837484],[-43.110703,-22.837485]],[[-43.110703,-22.837484],[-43.110704,-22.837484]],[[-43.110704,-22.837485],[-43.110703,-22.837484]],[[-43.110704,-22.837485],[-43.110703,-22.837484]],[[-43.110701,-22.837484],[-43.110701,-22.837482]],[[-43.110701,-22.837482],[-43.110701,-22.837484]],[[-43.110701,-22.837482],[-43.110702,-22.837483]],[[-43.110702,-22.837483],[-43.110703,-22.837483],[-43.110702,-22.837484],[-43.110701,-22.837484],[-43.110702,-22.837483]],[[-43.110703,-22.837485],[-43.110703,-22.837484]],[[-43.110703,-22.837484],[-43.110702,-22.837485],[-43.110703,-22.837485]],[[-43.110702,-22.837484],[-43.110703,-22.837484]],[[-43.110696,-22.837481],[-43.110697,-22.83748],[-43.110696,-22.83748]],[[-43.110696,-22.837481],[-43.110696,-22.83748]],[[-43.110698,-22.837481],[-43.110697,-22.837481],[-43.110698,-22.837482],[-43.110698,-22.837481]],[[-43.110698,-22.837481],[-43.110697,-22.83748]],[[-43.110697,-22.837481],[-43.110696,-22.837481]],[[-43.1107,-22.837482],[-43.110699,-22.837482]],[[-43.110699,-22.837482],[-43.1107,-22.837482]],[[-43.110697,-22.837481],[-43.110698,-22.837481],[-43.110698,-22.837482],[-43.110697,-22.837481]],[[-43.110698,-22.837481],[-43.110699,-22.837482]],[[-43.110697,-22.837481],[-43.110699,-22.837482]],[[-43.110701,-22.837484],[-43.110701,-22.837482]],[[-43.110699,-22.837482],[-43.1107,-22.837482]],[[-43.110701,-22.837482],[-43.1107,-22.837483],[-43.110701,-22.837484]],[[-43.110699,-22.837482],[-43.1107,-22.837483]],[[-43.1107,-22.837482],[-43.110701,-22.837483]],[[-43.110695,-22.837479],[-43.110696,-22.83748],[-43.110695,-22.83748],[-43.110695,-22.837479]],[[-43.110692,-22.837478],[-43.110693,-22.837478]],[[-43.110695,-22.83748],[-43.110695,-22.837479]],[[-43.110694,-22.837479],[-43.110695,-22.83748]],[[-43.110694,-22.837479],[-43.110692,-22.837478]],[[-43.110693,-22.837478],[-43.110695,-22.837479]],[[-43.110691,-22.837477],[-43.110691,-22.837478]],[[-43.110693,-22.837478],[-43.110692,-22.837478]],[[-43.11069,-22.837478],[-43.110691,-22.837476]],[[-43.11069,-22.837478],[-43.110691,-22.837478]],[[-43.110693,-22.837478],[-43.110691,-22.837477]],[[-43.110692,-22.837478],[-43.110691,-22.837477]],[[-43.11069,-22.837478],[-43.110691,-22.837476]],[[-43.110689,-22.837475],[-43.110688,-22.837476]],[[-43.110688,-22.837477],[-43.110689,-22.837475]],[[-43.110688,-22.837477],[-43.110689,-22.837475]],[[-43.110689,-22.837476],[-43.110688,-22.837477]],[[-43.110691,-22.837477],[-43.110691,-22.837478]],[[-43.11069,-22.837478],[-43.110691,-22.837476]],[[-43.11069,-22.837478],[-43.110691,-22.837476]],[[-43.11069,-22.837478],[-43.110691,-22.837477],[-43.110688,-22.837477]],[[-43.110689,-22.837476],[-43.11069,-22.837478]],[[-43.11069,-22.837477],[-43.11069,-22.837476]],[[-43.110684,-22.837473],[-43.110683,-22.837473]],[[-43.110683,-22.837473],[-43.110684,-22.837473]],[[-43.110681,-22.837472],[-43.110682,-22.837472],[-43.110681,-22.837472]],[[-43.110682,-22.837472],[-43.110683,-22.837473]],[[-43.110682,-22.837472],[-43.110683,-22.837473]],[[-43.110682,-22.837472],[-43.110681,-22.837472],[-43.110682,-22.837472]],[[-43.110682,-22.837472],[-43.11068,-22.837471]],[[-43.110682,-22.837472],[-43.11068,-22.837471]],[[-43.110684,-22.837473],[-43.110684,-22.837474],[-43.110683,-22.837473],[-43.110684,-22.837473]],[[-43.110684,-22.837474],[-43.110684,-22.837473]],[[-43.110685,-22.837474],[-43.110684,-22.837474]],[[-43.110685,-22.837474],[-43.110687,-22.837475]],[[-43.110687,-22.837475],[-43.110684,-22.837473]],[[-43.110689,-22.837475],[-43.110688,-22.837476]],[[-43.110688,-22.837477],[-43.110689,-22.837475]],[[-43.110687,-22.837475],[-43.110688,-22.837476]],[[-43.110687,-22.837475],[-43.110688,-22.837476]],[[-43.110688,-22.837477],[-43.110689,-22.837475]],[[-43.110688,-22.837475],[-43.110687,-22.837476]],[[-43.110679,-22.837471],[-43.110679,-22.83747],[-43.11068,-22.837471],[-43.110628,-22.837442],[-43.110628,-22.837441],[-43.110679,-22.83747]],[[-43.110709,-22.837488],[-43.110709,-22.837487],[-43.110708,-22.837487],[-43.110775,-22.837526],[-43.110776,-22.837525],[-43.110709,-22.837487]],[[-43.110629,-22.837441],[-43.110628,-22.837441],[-43.110628,-22.837442],[-43.110653,-22.837403],[-43.110628,-22.837441]],[[-43.110627,-22.837442],[-43.110628,-22.837443],[-43.110628,-22.837442],[-43.110448,-22.83772],[-43.110449,-22.83772],[-43.110628,-22.837443]],[[-43.110503,-22.837367],[-43.110502,-22.837367]],[[-43.110502,-22.837367],[-43.110503,-22.837367]],[[-43.110424,-22.837322],[-43.110425,-22.837323]],[[-43.110424,-22.837322],[-43.110425,-22.837323]],[[-43.110423,-22.837321],[-43.110423,-22.837322],[-43.110423,-22.837321]],[[-43.110423,-22.837322],[-43.110424,-22.837322]],[[-43.110423,-22.837322],[-43.110424,-22.837322]],[[-43.110421,-22.83732],[-43.110421,-22.837321]],[[-43.110422,-22.837321],[-43.110421,-22.83732]],[[-43.110422,-22.837321],[-43.110421,-22.837321]],[[-43.110423,-22.837321],[-43.110423,-22.837322],[-43.110423,-22.837321]],[[-43.110423,-22.837322],[-43.110422,-22.837321]],[[-43.110423,-22.837322],[-43.110422,-22.837321]],[[-43.110419,-22.837321],[-43.11042,-22.837319]],[[-43.110421,-22.837321],[-43.110421,-22.83732]],[[-43.11042,-22.837319],[-43.11042,-22.837321],[-43.110419,-22.837321]],[[-43.110421,-22.837321],[-43.11042,-22.83732]],[[-43.110421,-22.83732],[-43.11042,-22.83732]],[[-43.110417,-22.837319],[-43.110418,-22.837318]],[[-43.110418,-22.837318],[-43.110417,-22.83732],[-43.110417,-22.837319]],[[-43.110419,-22.837318],[-43.110419,-22.837319],[-43.110418,-22.83732],[-43.110419,-22.837318]],[[-43.110419,-22.837321],[-43.11042,-22.837319]],[[-43.11042,-22.837319],[-43.110419,-22.83732],[-43.110419,-22.837321]],[[-43.110412,-22.837315],[-43.110412,-22.837316]],[[-43.110413,-22.837316],[-43.110412,-22.837315]],[[-43.110413,-22.837316],[-43.110412,-22.837316]],[[-43.110414,-22.837316],[-43.110415,-22.837317],[-43.110414,-22.837317],[-43.110414,-22.837316]],[[-43.110415,-22.837317],[-43.110413,-22.837316]],[[-43.110414,-22.837317],[-43.110413,-22.837316]],[[-43.110417,-22.837318],[-43.110416,-22.837318]],[[-43.110416,-22.837318],[-43.110416,-22.837317],[-43.110417,-22.837318]],[[-43.110414,-22.837316],[-43.110415,-22.837317],[-43.110414,-22.837317],[-43.110414,-22.837316]],[[-43.110415,-22.837317],[-43.110416,-22.837317]],[[-43.110414,-22.837317],[-43.110416,-22.837318]],[[-43.110417,-22.837319],[-43.110418,-22.837318]],[[-43.110416,-22.837318],[-43.110417,-22.837318]],[[-43.110418,-22.837318],[-43.110417,-22.837319]],[[-43.110416,-22.837318],[-43.110417,-22.837319]],[[-43.110417,-22.837318],[-43.110418,-22.837318]],[[-43.110412,-22.837315],[-43.110412,-22.837316],[-43.110411,-22.837315],[-43.110412,-22.837315]],[[-43.110411,-22.837315],[-43.110412,-22.837315]],[[-43.110411,-22.837315],[-43.110409,-22.837314]],[[-43.110409,-22.837314],[-43.110412,-22.837315]],[[-43.110408,-22.837312],[-43.110407,-22.837314]],[[-43.110407,-22.837314],[-43.110408,-22.837312]],[[-43.110409,-22.837314],[-43.110408,-22.837313]],[[-43.110409,-22.837314],[-43.110408,-22.837313]],[[-43.110407,-22.837314],[-43.110408,-22.837312]],[[-43.110406,-22.837311],[-43.110405,-22.837312]],[[-43.110405,-22.837312],[-43.110406,-22.837311]],[[-43.110405,-22.837312],[-43.110406,-22.837311]],[[-43.110406,-22.837311],[-43.110405,-22.837312]],[[-43.110408,-22.837312],[-43.110407,-22.837314],[-43.110408,-22.837312]],[[-43.110407,-22.837314],[-43.110408,-22.837312]],[[-43.110407,-22.837313],[-43.110408,-22.837312],[-43.110405,-22.837312]],[[-43.110406,-22.837311],[-43.110407,-22.837313]],[[-43.110406,-22.837312],[-43.110407,-22.837312]],[[-43.110406,-22.837311],[-43.110407,-22.837312]],[[-43.110401,-22.837309],[-43.1104,-22.837309]],[[-43.1104,-22.837309],[-43.1104,-22.837308],[-43.110401,-22.837309]],[[-43.110398,-22.837307],[-43.110399,-22.837308],[-43.110398,-22.837308],[-43.110398,-22.837307]],[[-43.110398,-22.837307],[-43.1104,-22.837308]],[[-43.110398,-22.837308],[-43.1104,-22.837309]],[[-43.110397,-22.837306],[-43.110396,-22.837307]],[[-43.110397,-22.837307],[-43.110397,-22.837306]],[[-43.110397,-22.837307],[-43.110396,-22.837307]],[[-43.110398,-22.837307],[-43.110399,-22.837308],[-43.110398,-22.837308],[-43.110398,-22.837307]],[[-43.110398,-22.837307],[-43.110397,-22.837307]],[[-43.110398,-22.837308],[-43.110397,-22.837307]],[[-43.110401,-22.837309],[-43.1104,-22.837309],[-43.110401,-22.837309]],[[-43.110403,-22.837311],[-43.110404,-22.83731]],[[-43.110402,-22.837309],[-43.110401,-22.83731],[-43.110401,-22.837309]],[[-43.110401,-22.83731],[-43.110403,-22.837311]],[[-43.110404,-22.83731],[-43.110401,-22.837309]],[[-43.110406,-22.837311],[-43.110405,-22.837312]],[[-43.110404,-22.83731],[-43.110403,-22.837311]],[[-43.110404,-22.837312],[-43.110405,-22.83731],[-43.110406,-22.837311]],[[-43.110405,-22.837312],[-43.110404,-22.837312]],[[-43.110404,-22.83731],[-43.110405,-22.837311]],[[-43.110403,-22.837311],[-43.110405,-22.837312]],[[-43.110405,-22.837312],[-43.110406,-22.837311]],[[-43.110405,-22.837311],[-43.110404,-22.837311]],[[-43.110396,-22.837306],[-43.110397,-22.837306],[-43.110396,-22.837307],[-43.11037,-22.837291],[-43.110396,-22.837306]],[[-43.110502,-22.837367],[-43.110502,-22.837366],[-43.110502,-22.837367],[-43.110425,-22.837323],[-43.110502,-22.837366]],[[-43.110816,-22.836882],[-43.110817,-22.836881],[-43.110816,-22.836882]],[[-43.110817,-22.836881],[-43.110816,-22.836881]],[[-43.110816,-22.836881],[-43.110816,-22.836882]],[[-43.110746,-22.836842],[-43.110747,-22.836842]],[[-43.110746,-22.836842],[-43.110747,-22.836842]],[[-43.110745,-22.836841],[-43.110746,-22.836841],[-43.110745,-22.836841],[-43.110747,-22.836842]],[[-43.110745,-22.836841],[-43.110746,-22.836842]],[[-43.110744,-22.83684],[-43.110743,-22.83684]],[[-43.110744,-22.83684],[-43.110743,-22.83684]],[[-43.110745,-22.836841],[-43.110746,-22.836841],[-43.110745,-22.836841]],[[-43.110745,-22.836841],[-43.110744,-22.83684]],[[-43.110745,-22.836841],[-43.110744,-22.83684]],[[-43.110742,-22.83684],[-43.110742,-22.836839]],[[-43.110742,-22.836839],[-43.110742,-22.83684]],[[-43.110742,-22.836839],[-43.110743,-22.836839]],[[-43.110743,-22.83684],[-43.110742,-22.836839]],[[-43.110743,-22.83684],[-43.110742,-22.836839]],[[-43.11074,-22.836838],[-43.11074,-22.836837]],[[-43.11074,-22.836837],[-43.11074,-22.836838]],[[-43.11074,-22.836837],[-43.110741,-22.836838]],[[-43.110741,-22.836839],[-43.11074,-22.836838]],[[-43.110741,-22.836838],[-43.11074,-22.836838]],[[-43.110741,-22.836838],[-43.110742,-22.836838],[-43.110741,-22.836839],[-43.11074,-22.836839],[-43.110741,-22.836838]],[[-43.110742,-22.83684],[-43.110742,-22.836839]],[[-43.110742,-22.836839],[-43.110741,-22.83684],[-43.110742,-22.83684]],[[-43.110741,-22.836839],[-43.110742,-22.836839]],[[-43.110741,-22.836839],[-43.110742,-22.836839]],[[-43.110735,-22.836836],[-43.110736,-22.836835],[-43.110735,-22.836835]],[[-43.110735,-22.836836],[-43.110735,-22.836835]],[[-43.110737,-22.836836],[-43.110736,-22.836836],[-43.110737,-22.836836]],[[-43.110737,-22.836836],[-43.110736,-22.836835]],[[-43.110736,-22.836836],[-43.110735,-22.836836]],[[-43.110739,-22.836837],[-43.110739,-22.836838]],[[-43.110738,-22.836837],[-43.110739,-22.836837]],[[-43.110738,-22.836837],[-43.110739,-22.836838]],[[-43.110737,-22.836836],[-43.110736,-22.836836],[-43.110737,-22.836836],[-43.110738,-22.836837]],[[-43.110736,-22.836836],[-43.110738,-22.836837]],[[-43.11074,-22.836838],[-43.11074,-22.836837]],[[-43.110739,-22.836838],[-43.110739,-22.836837]],[[-43.11074,-22.836837],[-43.110739,-22.836838],[-43.11074,-22.836838]],[[-43.110739,-22.836837],[-43.11074,-22.836838]],[[-43.110734,-22.836834],[-43.110735,-22.836835],[-43.110734,-22.836835],[-43.110734,-22.836834]],[[-43.110734,-22.836835],[-43.110734,-22.836834]],[[-43.110734,-22.836834],[-43.110733,-22.836835],[-43.110734,-22.836835]],[[-43.110733,-22.836835],[-43.110732,-22.836833]],[[-43.110732,-22.836833],[-43.110734,-22.836834]],[[-43.11073,-22.836832],[-43.11073,-22.836833]],[[-43.11073,-22.836833],[-43.110731,-22.836832],[-43.11073,-22.836831]],[[-43.110729,-22.836833],[-43.11073,-22.836833]],[[-43.110732,-22.836833],[-43.11073,-22.836832]],[[-43.110732,-22.836833],[-43.11073,-22.836833]],[[-43.110729,-22.836833],[-43.11073,-22.836831]],[[-43.110728,-22.83683],[-43.110727,-22.836832]],[[-43.110727,-22.836832],[-43.110728,-22.83683]],[[-43.110727,-22.836832],[-43.110728,-22.83683]],[[-43.110728,-22.83683],[-43.110727,-22.836832]],[[-43.11073,-22.836832],[-43.11073,-22.836833]],[[-43.110729,-22.836833],[-43.11073,-22.836831]],[[-43.110729,-22.836833],[-43.11073,-22.836831]],[[-43.110729,-22.836833],[-43.11073,-22.836832],[-43.110727,-22.836832]],[[-43.110728,-22.83683],[-43.110729,-22.836833]],[[-43.110723,-22.836828],[-43.110722,-22.836828]],[[-43.110722,-22.836828],[-43.110723,-22.836828]],[[-43.110721,-22.836827],[-43.11072,-22.836827],[-43.110721,-22.836827],[-43.110722,-22.836828]],[[-43.11072,-22.836827],[-43.110722,-22.836828]],[[-43.110719,-22.836827],[-43.11072,-22.836826],[-43.110719,-22.836826]],[[-43.110719,-22.836827],[-43.110719,-22.836826]],[[-43.110721,-22.836827],[-43.11072,-22.836827],[-43.110721,-22.836827]],[[-43.110721,-22.836827],[-43.11072,-22.836826]],[[-43.11072,-22.836827],[-43.110719,-22.836827]],[[-43.110723,-22.836828],[-43.110724,-22.836829],[-43.110723,-22.836829],[-43.110722,-22.836828],[-43.110723,-22.836828]],[[-43.110723,-22.836829],[-43.110724,-22.836829]],[[-43.110724,-22.836829],[-43.110723,-22.836829]],[[-43.110724,-22.836829],[-43.110726,-22.83683]],[[-43.110726,-22.83683],[-43.110724,-22.836829]],[[-43.110728,-22.83683],[-43.110727,-22.836832]],[[-43.110727,-22.836832],[-43.110728,-22.83683]],[[-43.110726,-22.83683],[-43.110727,-22.836831]],[[-43.110726,-22.83683],[-43.110727,-22.836831]],[[-43.110727,-22.836832],[-43.110728,-22.83683]],[[-43.110727,-22.83683],[-43.110726,-22.836831]],[[-43.110718,-22.836826],[-43.110718,-22.836825],[-43.110719,-22.836826],[-43.110683,-22.836806],[-43.110718,-22.836825]],[[-43.110815,-22.836881],[-43.110816,-22.836881],[-43.110747,-22.836842],[-43.110815,-22.836881]],[[-43.10985,-22.83863],[-43.109851,-22.83863],[-43.109632,-22.838506],[-43.10985,-22.83863]],[[-43.109916,-22.838665],[-43.109916,-22.838666]],[[-43.109916,-22.838665],[-43.109915,-22.838666],[-43.109916,-22.838666]],[[-43.109913,-22.838666],[-43.109914,-22.838666]],[[-43.109913,-22.838666],[-43.109914,-22.838667]],[[-43.109914,-22.838666],[-43.109915,-22.838666]],[[-43.109914,-22.838667],[-43.109915,-22.838667],[-43.109916,-22.838666]],[[-43.109977,-22.838571],[-43.109978,-22.83857],[-43.109977,-22.83857],[-43.109916,-22.838665],[-43.109977,-22.838571]],[[-43.10998,-22.838569],[-43.109981,-22.838569],[-43.10998,-22.838569]],[[-43.109978,-22.83857],[-43.109977,-22.83857]],[[-43.10998,-22.838569],[-43.109979,-22.838569]],[[-43.109978,-22.83857],[-43.109979,-22.838569]],[[-43.109977,-22.83857],[-43.109978,-22.838569]],[[-43.10998,-22.838569],[-43.10998,-22.838568]],[[-43.109978,-22.838569],[-43.109979,-22.838568],[-43.10998,-22.838568]],[[-43.110005,-22.838583],[-43.109981,-22.838569],[-43.10998,-22.838569],[-43.110005,-22.838583]],[[-43.108278,-22.838794],[-43.108806,-22.839095],[-43.108968,-22.839058],[-43.109159,-22.839167]],[[-43.108278,-22.838794],[-43.108806,-22.839094],[-43.108968,-22.839058],[-43.109159,-22.839166]],[[-43.108386,-22.838628],[-43.108766,-22.838039],[-43.109586,-22.838505]],[[-43.108385,-22.838627],[-43.108765,-22.838038],[-43.109586,-22.838505]],[[-43.108967,-22.838153],[-43.108916,-22.838231],[-43.108868,-22.838204]],[[-43.108967,-22.838153],[-43.108916,-22.838232],[-43.108868,-22.838204]],[[-43.107912,-22.838336],[-43.108018,-22.838172],[-43.108069,-22.838201],[-43.108051,-22.838228]],[[-43.107911,-22.838336],[-43.108018,-22.838171],[-43.108069,-22.838201],[-43.108051,-22.838229]],[[-43.108068,-22.838238],[-43.108086,-22.838211],[-43.108372,-22.838373]],[[-43.108068,-22.838238],[-43.108086,-22.83821],[-43.108372,-22.838373]],[[-43.108312,-22.838339],[-43.108404,-22.838197],[-43.108601,-22.838153],[-43.109242,-22.83716]],[[-43.108311,-22.838338],[-43.108403,-22.838196],[-43.108601,-22.838152],[-43.109241,-22.83716]],[[-43.108395,-22.838612],[-43.107941,-22.839316]],[[-43.108396,-22.838612],[-43.107942,-22.839316]],[[-43.108371,-22.838651],[-43.108471,-22.838708]],[[-43.108371,-22.838651],[-43.108472,-22.838708]],[[-43.107941,-22.839316],[-43.107786,-22.839556]],[[-43.107942,-22.839316],[-43.107786,-22.839557]],[[-43.107941,-22.839315],[-43.107699,-22.839178],[-43.10767,-22.839223]],[[-43.107941,-22.839316],[-43.1077,-22.839178],[-43.107671,-22.839223]],[[-43.108279,-22.838794],[-43.108278,-22.838795]],[[-43.107912,-22.838336],[-43.108395,-22.838612]],[[-43.107912,-22.838336],[-43.108396,-22.838611]],[[-43.107912,-22.838336],[-43.10678,-22.837692],[-43.107946,-22.835887]],[[-43.107912,-22.838336],[-43.10678,-22.837693],[-43.107945,-22.835887]],[[-43.108017,-22.840336],[-43.108056,-22.840274],[-43.107722,-22.840084],[-43.107639,-22.839774],[-43.108351,-22.838671],[-43.108212,-22.838592],[-43.108336,-22.8384],[-43.108479,-22.838482]],[[-43.108016,-22.840335],[-43.108056,-22.840274],[-43.107722,-22.840084],[-43.107638,-22.839774],[-43.10835,-22.838672],[-43.108211,-22.838593],[-43.108336,-22.8384],[-43.108479,-22.838482]],[[-43.108104,-22.838778],[-43.108143,-22.838717],[-43.108273,-22.838791]],[[-43.108103,-22.838778],[-43.108143,-22.838717],[-43.108273,-22.838791]],[[-43.108182,-22.838633],[-43.108314,-22.838428]],[[-43.108182,-22.838632],[-43.108314,-22.838428]],[[-43.108201,-22.838604],[-43.108237,-22.838625],[-43.10818,-22.838713]],[[-43.106319,-22.838848],[-43.106349,-22.838841],[-43.106339,-22.838799],[-43.106305,-22.838806]],[[-43.106319,-22.838847],[-43.106348,-22.83884],[-43.106339,-22.838799],[-43.106306,-22.838807]],[[-43.106293,-22.838899],[-43.106406,-22.838874],[-43.107733,-22.839628]],[[-43.106293,-22.838899],[-43.106407,-22.838873],[-43.107733,-22.839628]],[[-43.107442,-22.838069],[-43.107247,-22.838371],[-43.107197,-22.838343]],[[-43.107442,-22.838069],[-43.107247,-22.838372],[-43.107197,-22.838343]],[[-43.107094,-22.837871],[-43.107013,-22.837997]],[[-43.107094,-22.837871],[-43.107013,-22.837997]],[[-43.107062,-22.837853],[-43.107086,-22.837815]],[[-43.107061,-22.837852],[-43.107086,-22.837814]],[[-43.107299,-22.837988],[-43.107324,-22.83795]],[[-43.107299,-22.837987],[-43.107323,-22.83795]],[[-43.107235,-22.836988],[-43.107721,-22.837264],[-43.107583,-22.837478],[-43.107639,-22.83751]],[[-43.107235,-22.836988],[-43.107722,-22.837264],[-43.107584,-22.837478],[-43.107639,-22.837509]],[[-43.107484,-22.83713],[-43.107354,-22.837332],[-43.107312,-22.837308]],[[-43.107485,-22.83713],[-43.107354,-22.837333],[-43.107311,-22.837309]],[[-43.107531,-22.836529],[-43.107666,-22.836606]],[[-43.107532,-22.836528],[-43.107667,-22.836605]],[[-43.107645,-22.836353],[-43.108388,-22.836776],[-43.108562,-22.83651]],[[-43.107645,-22.836353],[-43.108388,-22.836775],[-43.108561,-22.83651]],[[-43.107547,-22.836505],[-43.106548,-22.835937],[-43.106669,-22.835748]],[[-43.107546,-22.836505],[-43.106547,-22.835937],[-43.106669,-22.835748]],[[-43.10741,-22.836427],[-43.107327,-22.836557]],[[-43.10741,-22.836428],[-43.107327,-22.836557]],[[-43.107394,-22.836418],[-43.10753,-22.836208],[-43.107468,-22.836172]],[[-43.107394,-22.836418],[-43.107529,-22.836208],[-43.107467,-22.836173]],[[-43.106996,-22.836192],[-43.107111,-22.836014]],[[-43.106996,-22.836191],[-43.10711,-22.836014]],[[-43.110702,-22.836766],[-43.110712,-22.836772],[-43.110707,-22.836779]],[[-43.110702,-22.836766],[-43.110697,-22.836774]],[[-43.110705,-22.836782],[-43.110695,-22.836776]],[[-43.110772,-22.837506],[-43.110797,-22.837521],[-43.110782,-22.837544],[-43.110756,-22.83753],[-43.110772,-22.837506]],[[-43.110782,-22.837517],[-43.110784,-22.83752],[-43.110786,-22.837523],[-43.110786,-22.837527],[-43.110785,-22.837531],[-43.110782,-22.837534],[-43.110779,-22.837535],[-43.110775,-22.837535],[-43.110771,-22.837534],[-43.110767,-22.837531],[-43.110766,-22.837528],[-43.110766,-22.837524],[-43.110767,-22.837521],[-43.11077,-22.837518],[-43.110774,-22.837516],[-43.110777,-22.837516],[-43.110782,-22.837517]],[[-43.110766,-22.837528],[-43.110786,-22.837524]],[[-43.110775,-22.837516],[-43.110778,-22.837535]],[[-43.110767,-22.837516],[-43.110763,-22.837523]],[[-43.110789,-22.837528],[-43.110785,-22.837536]],[[-43.110812,-22.836862],[-43.110838,-22.836876],[-43.110822,-22.8369],[-43.110797,-22.836886],[-43.110812,-22.836862]],[[-43.110822,-22.836873],[-43.110825,-22.836876],[-43.110827,-22.836879],[-43.110827,-22.836883],[-43.110826,-22.836886],[-43.110823,-22.83689],[-43.110819,-22.836891],[-43.110815,-22.836891],[-43.110811,-22.83689],[-43.110808,-22.836887],[-43.110807,-22.836884],[-43.110806,-22.83688],[-43.110808,-22.836876],[-43.110811,-22.836874],[-43.110814,-22.836872],[-43.110818,-22.836872],[-43.110822,-22.836873]],[[-43.110807,-22.836884],[-43.110827,-22.83688]],[[-43.110815,-22.836872],[-43.110818,-22.836891]],[[-43.110808,-22.836872],[-43.110803,-22.836879]],[[-43.11083,-22.836884],[-43.110825,-22.836891]],[[-43.110506,-22.837363],[-43.1105,-22.837372],[-43.110492,-22.837367]],[[-43.110506,-22.837363],[-43.110498,-22.837358]],[[-43.110489,-22.837365],[-43.110495,-22.837356]],[[-43.110407,-22.837313],[-43.110407,-22.837312],[-43.110407,-22.837313]],[[-43.110407,-22.837312],[-43.110406,-22.837312]],[[-43.110406,-22.837312],[-43.110407,-22.837313]],[[-43.110402,-22.837293],[-43.110428,-22.837307],[-43.110413,-22.837331],[-43.110387,-22.837316],[-43.110402,-22.837293]],[[-43.110412,-22.837304],[-43.110415,-22.837307],[-43.110417,-22.83731],[-43.110417,-22.837314],[-43.110416,-22.837318],[-43.110413,-22.83732],[-43.110409,-22.837322],[-43.110405,-22.837322],[-43.110401,-22.837321],[-43.110398,-22.837318],[-43.110397,-22.837315],[-43.110397,-22.837311],[-43.110398,-22.837308],[-43.110401,-22.837305],[-43.110404,-22.837303],[-43.110408,-22.837303],[-43.110412,-22.837304]],[[-43.110397,-22.837315],[-43.110417,-22.83731]],[[-43.110405,-22.837303],[-43.110408,-22.837322]],[[-43.110398,-22.837302],[-43.110393,-22.83731]],[[-43.11042,-22.837315],[-43.110415,-22.837322]],[[-43.110457,-22.837681],[-43.110482,-22.837695],[-43.110467,-22.837718],[-43.110442,-22.837704],[-43.110457,-22.837681]],[[-43.110466,-22.837692],[-43.110469,-22.837694],[-43.110471,-22.837698],[-43.110471,-22.837701],[-43.11047,-22.837705],[-43.110467,-22.837708],[-43.110464,-22.837709],[-43.11046,-22.837709],[-43.110456,-22.837708],[-43.110453,-22.837706],[-43.110451,-22.837702],[-43.110451,-22.837698],[-43.110452,-22.837695],[-43.110455,-22.837692],[-43.110459,-22.83769],[-43.110463,-22.83769],[-43.110466,-22.837692]],[[-43.110451,-22.837702],[-43.110471,-22.837698]],[[-43.11046,-22.83769],[-43.110462,-22.83771]],[[-43.110452,-22.83769],[-43.110448,-22.837697]],[[-43.110475,-22.837702],[-43.11047,-22.83771]],[[-43.110369,-22.83796],[-43.110395,-22.837975],[-43.11038,-22.837999],[-43.110354,-22.837984],[-43.110369,-22.83796]],[[-43.110379,-22.837972],[-43.110382,-22.837974],[-43.110384,-22.837978],[-43.110384,-22.837982],[-43.110383,-22.837985],[-43.11038,-22.837988],[-43.110377,-22.837989],[-43.110372,-22.83799],[-43.110369,-22.837989],[-43.110366,-22.837986],[-43.110364,-22.837982],[-43.110364,-22.837979],[-43.110365,-22.837975],[-43.110368,-22.837972],[-43.110371,-22.837971],[-43.110376,-22.837971],[-43.110379,-22.837972]],[[-43.110364,-22.837982],[-43.110384,-22.837978]],[[-43.110372,-22.837971],[-43.110375,-22.83799]],[[-43.110365,-22.83797],[-43.11036,-22.837977]],[[-43.110387,-22.837983],[-43.110382,-22.83799]],[[-43.110385,-22.837937],[-43.11041,-22.837952],[-43.110395,-22.837975],[-43.110369,-22.83796],[-43.110385,-22.837937]],[[-43.110185,-22.83803],[-43.110211,-22.838045],[-43.110196,-22.838069],[-43.11017,-22.838054],[-43.110185,-22.83803]],[[-43.110195,-22.838042],[-43.110198,-22.838044],[-43.1102,-22.838048],[-43.1102,-22.838052],[-43.110199,-22.838055],[-43.110196,-22.838058],[-43.110192,-22.83806],[-43.110188,-22.83806],[-43.110185,-22.838059],[-43.110181,-22.838056],[-43.11018,-22.838053],[-43.110179,-22.838049],[-43.110181,-22.838045],[-43.110184,-22.838042],[-43.110187,-22.838041],[-43.110191,-22.83804],[-43.110195,-22.838042]],[[-43.11018,-22.838052],[-43.1102,-22.838048]],[[-43.110188,-22.838041],[-43.110191,-22.83806]],[[-43.110181,-22.83804],[-43.110176,-22.838047]],[[-43.110203,-22.838053],[-43.110198,-22.83806]],[[-43.110307,-22.837939],[-43.110223,-22.838069],[-43.11019,-22.83805]],[[-43.109901,-22.838264],[-43.109901,-22.838263],[-43.109901,-22.838264]],[[-43.109901,-22.838263],[-43.1099,-22.838263]],[[-43.109901,-22.838264],[-43.109886,-22.838255]],[[-43.1099,-22.838263],[-43.109886,-22.838255]],[[-43.109896,-22.838244],[-43.109922,-22.838258],[-43.109907,-22.838282],[-43.109881,-22.838267],[-43.109896,-22.838244]],[[-43.109906,-22.838255],[-43.109909,-22.838258],[-43.109911,-22.838261],[-43.109911,-22.838265],[-43.10991,-22.838269],[-43.109907,-22.838271],[-43.109903,-22.838273],[-43.109899,-22.838273],[-43.109895,-22.838272],[-43.109893,-22.838269],[-43.109891,-22.838266],[-43.109891,-22.838262],[-43.109892,-22.838258],[-43.109895,-22.838256],[-43.109898,-22.838254],[-43.109902,-22.838254],[-43.109906,-22.838255]],[[-43.109891,-22.838266],[-43.109911,-22.838261]],[[-43.109899,-22.838254],[-43.109902,-22.838273]],[[-43.109892,-22.838253],[-43.109887,-22.838261]],[[-43.109914,-22.838266],[-43.109909,-22.838273]],[[-43.109911,-22.83822],[-43.109937,-22.838235],[-43.109922,-22.838258],[-43.109896,-22.838244],[-43.109911,-22.83822]],[[-43.110098,-22.837761],[-43.110099,-22.837761],[-43.110098,-22.837762],[-43.110075,-22.837748],[-43.110098,-22.837761]],[[-43.110098,-22.837762],[-43.110098,-22.837761],[-43.110098,-22.837762]],[[-43.110098,-22.837761],[-43.110098,-22.837762]],[[-43.110094,-22.837742],[-43.110119,-22.837756],[-43.110104,-22.83778],[-43.110079,-22.837766],[-43.110094,-22.837742]],[[-43.110104,-22.837754],[-43.110107,-22.837756],[-43.110109,-22.837759],[-43.110109,-22.837763],[-43.110107,-22.837767],[-43.110105,-22.837769],[-43.110101,-22.837771],[-43.110097,-22.837771],[-43.110093,-22.83777],[-43.11009,-22.837767],[-43.110088,-22.837764],[-43.110088,-22.83776],[-43.110089,-22.837756],[-43.110092,-22.837754],[-43.110096,-22.837752],[-43.1101,-22.837752],[-43.110104,-22.837754]],[[-43.110088,-22.837764],[-43.110109,-22.837759]],[[-43.110097,-22.837752],[-43.1101,-22.837771]],[[-43.11009,-22.837752],[-43.110085,-22.837759]],[[-43.110112,-22.837764],[-43.110107,-22.837771]],[[-43.109851,-22.83863],[-43.109913,-22.838666]],[[-43.10985,-22.83863],[-43.109913,-22.838666]],[[-43.109948,-22.838643],[-43.109949,-22.838642],[-43.109948,-22.838643]],[[-43.109949,-22.838642],[-43.109948,-22.838642]],[[-43.109948,-22.838643],[-43.109934,-22.838634]],[[-43.109948,-22.838642],[-43.109934,-22.838634]],[[-43.109944,-22.838623],[-43.10997,-22.838637],[-43.109954,-22.838661],[-43.109929,-22.838646],[-43.109944,-22.838623]],[[-43.109954,-22.838634],[-43.109957,-22.838637],[-43.109958,-22.83864],[-43.109959,-22.838644],[-43.109957,-22.838647],[-43.109954,-22.83865],[-43.109951,-22.838652],[-43.109947,-22.838652],[-43.109943,-22.838651],[-43.10994,-22.838648],[-43.109938,-22.838645],[-43.109938,-22.838641],[-43.10994,-22.838637],[-43.109942,-22.838635],[-43.109946,-22.838633],[-43.10995,-22.838633],[-43.109954,-22.838634]],[[-43.109938,-22.838645],[-43.109958,-22.83864]],[[-43.109947,-22.838633],[-43.10995,-22.838652]],[[-43.10994,-22.838633],[-43.109935,-22.83864]],[[-43.109962,-22.838645],[-43.109957,-22.838652]],[[-43.109959,-22.838599],[-43.109985,-22.838614],[-43.10997,-22.838637],[-43.109944,-22.838623],[-43.109959,-22.838599]],[[-43.109708,-22.83901],[-43.109708,-22.839011]],[[-43.109708,-22.839011],[-43.109709,-22.83901],[-43.109709,-22.839011],[-43.109708,-22.839011]],[[-43.109709,-22.83901],[-43.109708,-22.83901]],[[-43.109708,-22.839011],[-43.109694,-22.839003]],[[-43.109708,-22.839011],[-43.109708,-22.83901],[-43.109694,-22.839002]],[[-43.109704,-22.838991],[-43.10973,-22.839006],[-43.109715,-22.839029],[-43.109689,-22.839014],[-43.109704,-22.838991]],[[-43.109714,-22.839002],[-43.109717,-22.839005],[-43.109719,-22.839008],[-43.109719,-22.839012],[-43.109718,-22.839016],[-43.109715,-22.839018],[-43.109711,-22.83902],[-43.109707,-22.83902],[-43.109703,-22.839019],[-43.109701,-22.839016],[-43.109699,-22.839013],[-43.109699,-22.839009],[-43.1097,-22.839006],[-43.109703,-22.839003],[-43.109706,-22.839001],[-43.10971,-22.839001],[-43.109714,-22.839002]],[[-43.109699,-22.839013],[-43.109719,-22.839008]],[[-43.109707,-22.839001],[-43.10971,-22.83902]],[[-43.1097,-22.839001],[-43.109695,-22.839008]],[[-43.109722,-22.839013],[-43.109717,-22.83902]],[[-43.109719,-22.838967],[-43.109745,-22.838982],[-43.10973,-22.839006],[-43.109704,-22.838991],[-43.109719,-22.838967]],[[-43.110217,-22.837746],[-43.110218,-22.837746],[-43.110217,-22.837746]],[[-43.110218,-22.837746],[-43.110217,-22.837746]],[[-43.110222,-22.837766],[-43.110222,-22.837765],[-43.110222,-22.837766]],[[-43.110222,-22.837765],[-43.110221,-22.837765]],[[-43.110221,-22.837765],[-43.110222,-22.837766]],[[-43.110222,-22.837766],[-43.110222,-22.837765],[-43.110222,-22.837766]],[[-43.110222,-22.837765],[-43.110221,-22.837765]],[[-43.110222,-22.837766],[-43.110207,-22.837757]],[[-43.110221,-22.837765],[-43.110207,-22.837757]],[[-43.110218,-22.837746],[-43.110243,-22.83776],[-43.110228,-22.837784],[-43.110202,-22.83777],[-43.110218,-22.837746]],[[-43.110227,-22.837758],[-43.11023,-22.83776],[-43.110232,-22.837764],[-43.110232,-22.837767],[-43.110231,-22.837771],[-43.110228,-22.837774],[-43.110225,-22.837775],[-43.11022,-22.837775],[-43.110217,-22.837774],[-43.110214,-22.837771],[-43.110212,-22.837768],[-43.110212,-22.837764],[-43.110213,-22.837761],[-43.110216,-22.837758],[-43.110219,-22.837756],[-43.110224,-22.837756],[-43.110227,-22.837758]],[[-43.110212,-22.837768],[-43.110232,-22.837764]],[[-43.110221,-22.837756],[-43.110224,-22.837775]],[[-43.110213,-22.837756],[-43.110209,-22.837763]],[[-43.110235,-22.837768],[-43.110231,-22.837775]],[[-43.110233,-22.837723],[-43.110258,-22.837737],[-43.110243,-22.83776],[-43.110218,-22.837746],[-43.110233,-22.837723]],[[-43.109205,-22.839463],[-43.1092,-22.83946]],[[-43.109552,-22.838588],[-43.109551,-22.838589]],[[-43.109552,-22.838589],[-43.109552,-22.838588]],[[-43.109551,-22.838589],[-43.109552,-22.838589]],[[-43.109552,-22.838588],[-43.109551,-22.838589]],[[-43.109552,-22.838589],[-43.109552,-22.838588]],[[-43.109552,-22.838589],[-43.109537,-22.838581]],[[-43.109551,-22.838589],[-43.109552,-22.838588],[-43.109537,-22.83858]],[[-43.109548,-22.838569],[-43.109573,-22.838584],[-43.109558,-22.838607],[-43.109533,-22.838593],[-43.109548,-22.838569]],[[-43.109557,-22.838581],[-43.10956,-22.838584],[-43.109562,-22.838587],[-43.109562,-22.838591],[-43.109561,-22.838594],[-43.109558,-22.838597],[-43.109554,-22.838598],[-43.109551,-22.838599],[-43.109547,-22.838597],[-43.109544,-22.838595],[-43.109542,-22.838591],[-43.109542,-22.838587],[-43.109543,-22.838584],[-43.109546,-22.838581],[-43.109549,-22.83858],[-43.109553,-22.83858],[-43.109557,-22.838581]],[[-43.109542,-22.838591],[-43.109562,-22.838587]],[[-43.109551,-22.838579],[-43.109554,-22.838599]],[[-43.109544,-22.838579],[-43.109539,-22.838586]],[[-43.109565,-22.838591],[-43.109561,-22.838599]],[[-43.109665,-22.838508],[-43.109665,-22.838509]],[[-43.109666,-22.838509],[-43.109665,-22.838508]],[[-43.109665,-22.838509],[-43.109666,-22.838509]],[[-43.109665,-22.838508],[-43.109665,-22.838509]],[[-43.109666,-22.838509],[-43.109665,-22.838508]],[[-43.109666,-22.838509],[-43.109651,-22.838501]],[[-43.109665,-22.838509],[-43.109665,-22.838508],[-43.109651,-22.8385]],[[-43.109662,-22.838489],[-43.109687,-22.838504],[-43.109672,-22.838527],[-43.109646,-22.838513],[-43.109662,-22.838489]],[[-43.109671,-22.838501],[-43.109674,-22.838503],[-43.109676,-22.838507],[-43.109676,-22.83851],[-43.109675,-22.838514],[-43.109672,-22.838517],[-43.109668,-22.838518],[-43.109664,-22.838519],[-43.109661,-22.838517],[-43.109657,-22.838515],[-43.109656,-22.838511],[-43.109656,-22.838508],[-43.109657,-22.838504],[-43.10966,-22.838501],[-43.109663,-22.838499],[-43.109668,-22.838499],[-43.109671,-22.838501]],[[-43.109656,-22.838511],[-43.109676,-22.838507]],[[-43.109664,-22.838499],[-43.109667,-22.838518]],[[-43.109657,-22.838499],[-43.109653,-22.838506]],[[-43.109679,-22.838512],[-43.109675,-22.838519]],[[-43.109595,-22.838459],[-43.109594,-22.83846]],[[-43.109595,-22.83846],[-43.109595,-22.838459]],[[-43.109594,-22.83846],[-43.109595,-22.83846]],[[-43.109595,-22.838459],[-43.109594,-22.83846]],[[-43.109595,-22.83846],[-43.109595,-22.838459]],[[-43.109595,-22.83846],[-43.10958,-22.838452]],[[-43.109594,-22.83846],[-43.109595,-22.838459],[-43.10958,-22.838451]],[[-43.109591,-22.83844],[-43.109616,-22.838455],[-43.109601,-22.838478],[-43.109575,-22.838464],[-43.109591,-22.83844]],[[-43.109601,-22.838451],[-43.109604,-22.838454],[-43.109605,-22.838457],[-43.109605,-22.838461],[-43.109604,-22.838465],[-43.109601,-22.838467],[-43.109598,-22.838469],[-43.109594,-22.838469],[-43.10959,-22.838468],[-43.109587,-22.838465],[-43.109585,-22.838462],[-43.109585,-22.838458],[-43.109586,-22.838455],[-43.109589,-22.838452],[-43.109593,-22.83845],[-43.109597,-22.83845],[-43.109601,-22.838451]],[[-43.109585,-22.838462],[-43.109605,-22.838457]],[[-43.109594,-22.83845],[-43.109597,-22.838469]],[[-43.109586,-22.83845],[-43.109582,-22.838457]],[[-43.109608,-22.838462],[-43.109604,-22.83847]],[[-43.109197,-22.839138],[-43.109196,-22.839139]],[[-43.109197,-22.839139],[-43.109197,-22.839138],[-43.109197,-22.839139]],[[-43.109196,-22.839139],[-43.109197,-22.839139]],[[-43.109197,-22.839138],[-43.109196,-22.839139]],[[-43.109197,-22.839139],[-43.109197,-22.839138],[-43.109197,-22.839139]],[[-43.109197,-22.839139],[-43.109182,-22.839131]],[[-43.109196,-22.839139],[-43.109197,-22.839138],[-43.109182,-22.83913]],[[-43.109193,-22.839119],[-43.109218,-22.839134],[-43.109203,-22.839157],[-43.109177,-22.839143],[-43.109193,-22.839119]],[[-43.109202,-22.839131],[-43.109206,-22.839133],[-43.109207,-22.839137],[-43.109207,-22.839141],[-43.109206,-22.839144],[-43.109203,-22.839147],[-43.109199,-22.839148],[-43.109196,-22.839148],[-43.109192,-22.839147],[-43.109189,-22.839144],[-43.109187,-22.839141],[-43.109187,-22.839137],[-43.109188,-22.839134],[-43.109191,-22.839131],[-43.109194,-22.839129],[-43.109198,-22.839129],[-43.109202,-22.839131]],[[-43.109187,-22.839141],[-43.109207,-22.839137]],[[-43.109196,-22.839129],[-43.109199,-22.839149]],[[-43.109189,-22.839129],[-43.109184,-22.839136]],[[-43.109211,-22.839141],[-43.109206,-22.839149]],[[-43.109157,-22.8392],[-43.109156,-22.839201]],[[-43.109157,-22.839201],[-43.109157,-22.8392]],[[-43.109156,-22.839201],[-43.109157,-22.839201]],[[-43.109157,-22.8392],[-43.109156,-22.839201]],[[-43.109157,-22.839201],[-43.109157,-22.8392]],[[-43.109157,-22.839201],[-43.109142,-22.839193]],[[-43.109156,-22.839201],[-43.109157,-22.8392],[-43.109142,-22.839192]],[[-43.109153,-22.839182],[-43.109178,-22.839196],[-43.109163,-22.839219],[-43.109138,-22.839205],[-43.109153,-22.839182]],[[-43.109162,-22.839193],[-43.109165,-22.839195],[-43.109167,-22.839199],[-43.109167,-22.839203],[-43.109166,-22.839206],[-43.109163,-22.839209],[-43.109159,-22.83921],[-43.109156,-22.839211],[-43.109151,-22.839209],[-43.109149,-22.839207],[-43.109147,-22.839203],[-43.109147,-22.839199],[-43.109148,-22.839196],[-43.109151,-22.839193],[-43.109154,-22.839192],[-43.109158,-22.839191],[-43.109162,-22.839193]],[[-43.109147,-22.839203],[-43.109167,-22.839199]],[[-43.109155,-22.839191],[-43.109159,-22.839211]],[[-43.109149,-22.839191],[-43.109144,-22.839199]],[[-43.10917,-22.839203],[-43.109166,-22.839211]],[[-43.109257,-22.839423],[-43.109256,-22.839423]],[[-43.109257,-22.839423],[-43.109257,-22.839424],[-43.109257,-22.839423]],[[-43.109257,-22.839424],[-43.109242,-22.839415]],[[-43.109256,-22.839423],[-43.109257,-22.839423],[-43.109242,-22.839415]],[[-43.109253,-22.839404],[-43.109278,-22.839418],[-43.109263,-22.839442],[-43.109237,-22.839428],[-43.109253,-22.839404]],[[-43.109263,-22.839415],[-43.109266,-22.839418],[-43.109267,-22.839421],[-43.109268,-22.839425],[-43.109266,-22.839428],[-43.109263,-22.839431],[-43.10926,-22.839433],[-43.109256,-22.839433],[-43.109252,-22.839432],[-43.109249,-22.839429],[-43.109247,-22.839426],[-43.109247,-22.839422],[-43.109249,-22.839418],[-43.109251,-22.839415],[-43.109255,-22.839414],[-43.109259,-22.839414],[-43.109263,-22.839415]],[[-43.109247,-22.839425],[-43.109267,-22.839422]],[[-43.109256,-22.839414],[-43.109259,-22.839433]],[[-43.109248,-22.839414],[-43.109244,-22.839421]],[[-43.10927,-22.839426],[-43.109266,-22.839433]],[[-43.109268,-22.839381],[-43.109293,-22.839395],[-43.109278,-22.839418],[-43.109253,-22.839404],[-43.109268,-22.839381]],[[-43.109487,-22.838297],[-43.109512,-22.838311],[-43.109496,-22.838335],[-43.109471,-22.838321],[-43.109487,-22.838297]],[[-43.109209,-22.838139],[-43.109235,-22.838154],[-43.109219,-22.838177],[-43.109194,-22.838163],[-43.109209,-22.838139]],[[-43.108905,-22.838189],[-43.10893,-22.838204],[-43.108915,-22.838227],[-43.108889,-22.838213],[-43.108905,-22.838189]],[[-43.108058,-22.839956],[-43.108059,-22.839956],[-43.108058,-22.839956]],[[-43.108059,-22.839956],[-43.108058,-22.839956]],[[-43.108058,-22.839956],[-43.108044,-22.839948]],[[-43.108058,-22.839956],[-43.108044,-22.839947]],[[-43.108054,-22.839936],[-43.10808,-22.839951],[-43.108064,-22.839974],[-43.108039,-22.83996],[-43.108054,-22.839936]],[[-43.108064,-22.839948],[-43.108067,-22.839951],[-43.108068,-22.839954],[-43.108069,-22.839958],[-43.108067,-22.839961],[-43.108065,-22.839964],[-43.108061,-22.839965],[-43.108057,-22.839966],[-43.108053,-22.839964],[-43.10805,-22.839962],[-43.108048,-22.839958],[-43.108048,-22.839955],[-43.10805,-22.839951],[-43.108052,-22.839948],[-43.108056,-22.839947],[-43.10806,-22.839947],[-43.108064,-22.839948]],[[-43.108048,-22.839958],[-43.108069,-22.839954]],[[-43.108057,-22.839946],[-43.10806,-22.839965]],[[-43.10805,-22.839946],[-43.108045,-22.839953]],[[-43.108072,-22.839959],[-43.108067,-22.839966]],[[-43.108069,-22.839913],[-43.108095,-22.839927],[-43.10808,-22.839951],[-43.108054,-22.839936],[-43.108069,-22.839913]],[[-43.108024,-22.840287],[-43.108025,-22.840287],[-43.108024,-22.840287]],[[-43.108025,-22.840287],[-43.108024,-22.840287]],[[-43.108024,-22.840287],[-43.10801,-22.840279]],[[-43.108024,-22.840287],[-43.10801,-22.840279]],[[-43.10802,-22.840268],[-43.108046,-22.840282],[-43.10803,-22.840306],[-43.108005,-22.840291],[-43.10802,-22.840268]],[[-43.10803,-22.840279],[-43.108033,-22.840281],[-43.108035,-22.840285],[-43.108035,-22.840289],[-43.108033,-22.840292],[-43.108031,-22.840295],[-43.108027,-22.840297],[-43.108023,-22.840297],[-43.108019,-22.840295],[-43.108016,-22.840293],[-43.108015,-22.840289],[-43.108014,-22.840286],[-43.108016,-22.840282],[-43.108018,-22.840279],[-43.108022,-22.840278],[-43.108026,-22.840278],[-43.10803,-22.840279]],[[-43.108015,-22.840289],[-43.108034,-22.840285]],[[-43.108023,-22.840278],[-43.108026,-22.840297]],[[-43.108016,-22.840277],[-43.108011,-22.840285]],[[-43.108038,-22.84029],[-43.108033,-22.840297]],[[-43.107602,-22.8398],[-43.107602,-22.839801]],[[-43.107602,-22.839801],[-43.107603,-22.839801],[-43.107602,-22.839801]],[[-43.107603,-22.839801],[-43.107602,-22.8398]],[[-43.107602,-22.839801],[-43.107588,-22.839793]],[[-43.107602,-22.839801],[-43.107602,-22.8398],[-43.107588,-22.839792]],[[-43.107598,-22.839782],[-43.107624,-22.839796],[-43.107609,-22.839819],[-43.107583,-22.839805],[-43.107598,-22.839782]],[[-43.107608,-22.839793],[-43.107611,-22.839795],[-43.107613,-22.839799],[-43.107613,-22.839803],[-43.107612,-22.839806],[-43.107609,-22.839809],[-43.107605,-22.839811],[-43.107601,-22.839811],[-43.107597,-22.839809],[-43.107594,-22.839807],[-43.107593,-22.839803],[-43.107593,-22.8398],[-43.107594,-22.839796],[-43.107597,-22.839793],[-43.1076,-22.839792],[-43.107604,-22.839792],[-43.107608,-22.839793]],[[-43.107593,-22.839803],[-43.107613,-22.839799]],[[-43.107601,-22.839791],[-43.107604,-22.839811]],[[-43.107594,-22.839791],[-43.107589,-22.839799]],[[-43.107616,-22.839803],[-43.107611,-22.839811]],[[-43.10795,-22.839832],[-43.107949,-22.839832]],[[-43.10795,-22.839832],[-43.10795,-22.839833],[-43.107949,-22.839832]],[[-43.10795,-22.839833],[-43.107949,-22.839833]],[[-43.10795,-22.839835],[-43.107949,-22.839834]],[[-43.10795,-22.839835],[-43.107949,-22.839834]],[[-43.107949,-22.839832],[-43.107949,-22.839833]],[[-43.107949,-22.839834],[-43.107949,-22.839833]],[[-43.107949,-22.839834],[-43.107949,-22.839833]],[[-43.108104,-22.839925],[-43.108105,-22.839924]],[[-43.108104,-22.839925],[-43.108104,-22.839924],[-43.108105,-22.839924]],[[-43.108104,-22.839924],[-43.108104,-22.839923]],[[-43.108103,-22.839922],[-43.108104,-22.839923]],[[-43.108103,-22.839922],[-43.108105,-22.839922]],[[-43.108105,-22.839922],[-43.108105,-22.839923],[-43.108105,-22.839924]],[[-43.108102,-22.839922],[-43.108103,-22.839921],[-43.108103,-22.839922]],[[-43.108102,-22.839922],[-43.108103,-22.839922]],[[-43.108052,-22.839892],[-43.108052,-22.839893],[-43.108102,-22.839922]],[[-43.108103,-22.839921],[-43.108052,-22.839892],[-43.108052,-22.839893]],[[-43.108052,-22.839893],[-43.108052,-22.839892]],[[-43.108002,-22.839864],[-43.108001,-22.839864],[-43.108052,-22.839893]],[[-43.108052,-22.839892],[-43.108002,-22.839864],[-43.108001,-22.839864]],[[-43.108001,-22.839864],[-43.108001,-22.839863],[-43.108002,-22.839864]],[[-43.10795,-22.839835],[-43.108001,-22.839864]],[[-43.108001,-22.839863],[-43.10795,-22.839835]],[[-43.107923,-22.839286],[-43.107922,-22.839286]],[[-43.107923,-22.839287],[-43.107923,-22.839286],[-43.107923,-22.839287]],[[-43.107923,-22.839287],[-43.107908,-22.839278]],[[-43.107922,-22.839286],[-43.107923,-22.839286],[-43.107909,-22.839278]],[[-43.107919,-22.839267],[-43.107944,-22.839281],[-43.107929,-22.839305],[-43.107904,-22.839291],[-43.107919,-22.839267]],[[-43.107928,-22.839278],[-43.107931,-22.839281],[-43.107933,-22.839284],[-43.107933,-22.839288],[-43.107932,-22.839292],[-43.107929,-22.839294],[-43.107926,-22.839296],[-43.107922,-22.839296],[-43.107918,-22.839295],[-43.107915,-22.839292],[-43.107913,-22.839289],[-43.107913,-22.839285],[-43.107914,-22.839282],[-43.107917,-22.839279],[-43.107921,-22.839277],[-43.107925,-22.839277],[-43.107928,-22.839278]],[[-43.107913,-22.839289],[-43.107933,-22.839284]],[[-43.107922,-22.839277],[-43.107925,-22.839296]],[[-43.107915,-22.839277],[-43.10791,-22.839284]],[[-43.107937,-22.839289],[-43.107932,-22.839296]],[[-43.107975,-22.839298],[-43.10796,-22.83929]],[[-43.107975,-22.839298],[-43.10796,-22.839289]],[[-43.107971,-22.839279],[-43.107996,-22.839293],[-43.107981,-22.839317],[-43.107956,-22.839302],[-43.107971,-22.839279]],[[-43.10798,-22.83929],[-43.107984,-22.839292],[-43.107985,-22.839296],[-43.107986,-22.8393],[-43.107984,-22.839303],[-43.107981,-22.839306],[-43.107978,-22.839307],[-43.107974,-22.839308],[-43.10797,-22.839306],[-43.107967,-22.839304],[-43.107965,-22.8393],[-43.107965,-22.839297],[-43.107966,-22.839293],[-43.107969,-22.83929],[-43.107973,-22.839288],[-43.107977,-22.839288],[-43.10798,-22.83929]],[[-43.107965,-22.8393],[-43.107986,-22.839296]],[[-43.107974,-22.839289],[-43.107977,-22.839308]],[[-43.107967,-22.839288],[-43.107962,-22.839296]],[[-43.107988,-22.839301],[-43.107984,-22.839308]],[[-43.107646,-22.839182],[-43.107672,-22.839197],[-43.107656,-22.83922],[-43.107631,-22.839206],[-43.107646,-22.839182]],[[-43.107941,-22.83935],[-43.107941,-22.839351]],[[-43.107941,-22.839351],[-43.107941,-22.83935],[-43.107941,-22.839351]],[[-43.107941,-22.839351],[-43.107926,-22.839342]],[[-43.107941,-22.839351],[-43.107941,-22.83935],[-43.107926,-22.839342]],[[-43.107937,-22.839331],[-43.107962,-22.839345],[-43.107947,-22.839369],[-43.107922,-22.839355],[-43.107937,-22.839331]],[[-43.107946,-22.839343],[-43.10795,-22.839345],[-43.107951,-22.839349],[-43.107952,-22.839352],[-43.10795,-22.839356],[-43.107948,-22.839359],[-43.107944,-22.83936],[-43.10794,-22.83936],[-43.107936,-22.839359],[-43.107933,-22.839356],[-43.107931,-22.839353],[-43.107931,-22.839349],[-43.107932,-22.839346],[-43.107935,-22.839343],[-43.107938,-22.839341],[-43.107943,-22.839341],[-43.107946,-22.839343]],[[-43.107931,-22.839353],[-43.107951,-22.839349]],[[-43.10794,-22.839341],[-43.107943,-22.83936]],[[-43.107933,-22.839341],[-43.107928,-22.839348]],[[-43.107955,-22.839353],[-43.10795,-22.839361]],[[-43.108302,-22.838789],[-43.108302,-22.83879]],[[-43.108302,-22.83879],[-43.108303,-22.838789],[-43.108302,-22.83879]],[[-43.108303,-22.838789],[-43.108302,-22.838789]],[[-43.108302,-22.83879],[-43.108288,-22.838782]],[[-43.108302,-22.83879],[-43.108302,-22.838789],[-43.108288,-22.838781]],[[-43.108298,-22.83877],[-43.108324,-22.838785],[-43.108309,-22.838808],[-43.108283,-22.838794],[-43.108298,-22.83877]],[[-43.108308,-22.838782],[-43.108311,-22.838784],[-43.108313,-22.838787],[-43.108313,-22.838792],[-43.108312,-22.838795],[-43.108309,-22.838798],[-43.108305,-22.838799],[-43.108301,-22.838799],[-43.108297,-22.838798],[-43.108294,-22.838795],[-43.108293,-22.838792],[-43.108293,-22.838788],[-43.108294,-22.838785],[-43.108296,-22.838782],[-43.1083,-22.83878],[-43.108304,-22.83878],[-43.108308,-22.838782]],[[-43.108293,-22.838792],[-43.108313,-22.838788]],[[-43.108301,-22.83878],[-43.108304,-22.838799]],[[-43.108294,-22.83878],[-43.108289,-22.838787]],[[-43.108316,-22.838792],[-43.108311,-22.8388]],[[-43.10828,-22.838825],[-43.108279,-22.838825]],[[-43.10828,-22.838825],[-43.108265,-22.838817]],[[-43.108279,-22.838825],[-43.10828,-22.838825],[-43.108266,-22.838817]],[[-43.108276,-22.838805],[-43.108301,-22.83882],[-43.108286,-22.838844],[-43.10826,-22.838829],[-43.108276,-22.838805]],[[-43.108286,-22.838817],[-43.108289,-22.838819],[-43.10829,-22.838823],[-43.108291,-22.838827],[-43.108289,-22.83883],[-43.108287,-22.838833],[-43.108283,-22.838834],[-43.108279,-22.838834],[-43.108275,-22.838833],[-43.108272,-22.838831],[-43.10827,-22.838827],[-43.10827,-22.838823],[-43.108272,-22.83882],[-43.108274,-22.838817],[-43.108278,-22.838816],[-43.108282,-22.838816],[-43.108286,-22.838817]],[[-43.10827,-22.838827],[-43.10829,-22.838823]],[[-43.108279,-22.838816],[-43.108282,-22.838835]],[[-43.108271,-22.838815],[-43.108267,-22.838822]],[[-43.108293,-22.838828],[-43.108289,-22.838835]],[[-43.108464,-22.838668],[-43.108489,-22.838682],[-43.108474,-22.838706],[-43.108449,-22.838692],[-43.108464,-22.838668]],[[-43.108423,-22.838602],[-43.108422,-22.838603]],[[-43.108423,-22.838603],[-43.108423,-22.838602]],[[-43.108423,-22.838603],[-43.108408,-22.838595]],[[-43.108422,-22.838603],[-43.108423,-22.838602],[-43.108409,-22.838594]],[[-43.108419,-22.838584],[-43.108444,-22.838598],[-43.108429,-22.838621],[-43.108404,-22.838607],[-43.108419,-22.838584]],[[-43.108429,-22.838595],[-43.108432,-22.838597],[-43.108433,-22.838601],[-43.108434,-22.838605],[-43.108432,-22.838608],[-43.10843,-22.838611],[-43.108426,-22.838612],[-43.108422,-22.838613],[-43.108418,-22.838611],[-43.108415,-22.838609],[-43.108413,-22.838605],[-43.108413,-22.838601],[-43.108414,-22.838598],[-43.108417,-22.838595],[-43.108421,-22.838593],[-43.108425,-22.838593],[-43.108429,-22.838595]],[[-43.108413,-22.838605],[-43.108434,-22.838601]],[[-43.108422,-22.838593],[-43.108425,-22.838613]],[[-43.108415,-22.838593],[-43.10841,-22.838601]],[[-43.108437,-22.838605],[-43.108432,-22.838613]],[[-43.108398,-22.838641],[-43.108399,-22.838641],[-43.108398,-22.838641]],[[-43.108399,-22.838641],[-43.108398,-22.838641]],[[-43.108398,-22.838641],[-43.108384,-22.838633]],[[-43.108398,-22.838641],[-43.108384,-22.838633]],[[-43.108394,-22.838622],[-43.10842,-22.838636],[-43.108404,-22.83866],[-43.108379,-22.838645],[-43.108394,-22.838622]],[[-43.108404,-22.838633],[-43.108407,-22.838636],[-43.108409,-22.838639],[-43.108409,-22.838643],[-43.108407,-22.838646],[-43.108405,-22.838649],[-43.108401,-22.838651],[-43.108397,-22.838651],[-43.108393,-22.83865],[-43.10839,-22.838647],[-43.108388,-22.838644],[-43.108388,-22.83864],[-43.10839,-22.838636],[-43.108392,-22.838634],[-43.108396,-22.838632],[-43.1084,-22.838632],[-43.108404,-22.838633]],[[-43.108388,-22.838644],[-43.108409,-22.838639]],[[-43.108397,-22.838632],[-43.1084,-22.838651]],[[-43.10839,-22.838632],[-43.108385,-22.838639]],[[-43.108412,-22.838644],[-43.108407,-22.838651]],[[-43.107874,-22.838333],[-43.107875,-22.838332],[-43.107874,-22.838333]],[[-43.107875,-22.838332],[-43.107874,-22.838332]],[[-43.107874,-22.838333],[-43.10786,-22.838324]],[[-43.107874,-22.838332],[-43.10786,-22.838324]],[[-43.10787,-22.838313],[-43.107896,-22.838327],[-43.10788,-22.838351],[-43.107855,-22.838337],[-43.10787,-22.838313]],[[-43.10788,-22.838324],[-43.107883,-22.838327],[-43.107884,-22.83833],[-43.107885,-22.838334],[-43.107883,-22.838338],[-43.107881,-22.83834],[-43.107877,-22.838342],[-43.107873,-22.838342],[-43.107869,-22.838341],[-43.107866,-22.838338],[-43.107864,-22.838335],[-43.107864,-22.838331],[-43.107865,-22.838327],[-43.107868,-22.838324],[-43.107872,-22.838323],[-43.107876,-22.838323],[-43.10788,-22.838324]],[[-43.107865,-22.838334],[-43.107885,-22.83833]],[[-43.107873,-22.838323],[-43.107876,-22.838342]],[[-43.107866,-22.838323],[-43.107861,-22.83833]],[[-43.107888,-22.838335],[-43.107883,-22.838342]],[[-43.107885,-22.83829],[-43.107911,-22.838304],[-43.107896,-22.838327],[-43.10787,-22.838313],[-43.107885,-22.83829]],[[-43.107949,-22.838312],[-43.107949,-22.838313]],[[-43.10795,-22.838312],[-43.10795,-22.838313],[-43.107949,-22.838313],[-43.10795,-22.838312]],[[-43.10795,-22.838312],[-43.107949,-22.838312]],[[-43.107949,-22.838313],[-43.107935,-22.838304]],[[-43.107949,-22.838313],[-43.107949,-22.838312],[-43.107935,-22.838304]],[[-43.107945,-22.838293],[-43.107971,-22.838308],[-43.107956,-22.838331],[-43.10793,-22.838317],[-43.107945,-22.838293]],[[-43.107955,-22.838305],[-43.107958,-22.838307],[-43.10796,-22.838311],[-43.10796,-22.838314],[-43.107959,-22.838318],[-43.107956,-22.838321],[-43.107952,-22.838322],[-43.107948,-22.838322],[-43.107944,-22.838321],[-43.107941,-22.838318],[-43.10794,-22.838315],[-43.107939,-22.838311],[-43.107941,-22.838308],[-43.107943,-22.838305],[-43.107947,-22.838304],[-43.107951,-22.838303],[-43.107955,-22.838305]],[[-43.10794,-22.838315],[-43.10796,-22.838311]],[[-43.107948,-22.838303],[-43.107951,-22.838322]],[[-43.107941,-22.838303],[-43.107936,-22.83831]],[[-43.107963,-22.838315],[-43.107958,-22.838323]],[[-43.106833,-22.839234],[-43.106834,-22.839234],[-43.106834,-22.839235],[-43.106833,-22.839234]],[[-43.106833,-22.839234],[-43.106819,-22.839226]],[[-43.106833,-22.839234],[-43.106819,-22.839226]],[[-43.106829,-22.839215],[-43.106855,-22.839229],[-43.106839,-22.839253],[-43.106814,-22.839238],[-43.106829,-22.839215]],[[-43.106839,-22.839226],[-43.106842,-22.839229],[-43.106844,-22.839232],[-43.106844,-22.839236],[-43.106843,-22.839239],[-43.10684,-22.839242],[-43.106836,-22.839244],[-43.106832,-22.839244],[-43.106829,-22.839242],[-43.106825,-22.83924],[-43.106824,-22.839236],[-43.106823,-22.839233],[-43.106825,-22.839229],[-43.106828,-22.839226],[-43.106831,-22.839225],[-43.106835,-22.839225],[-43.106839,-22.839226]],[[-43.106824,-22.839236],[-43.106844,-22.839232]],[[-43.106832,-22.839225],[-43.106835,-22.839244]],[[-43.106825,-22.839224],[-43.10682,-22.839232]],[[-43.106847,-22.839237],[-43.106842,-22.839244]],[[-43.107336,-22.838264],[-43.107336,-22.838265]],[[-43.107337,-22.838265],[-43.107336,-22.838264]],[[-43.107337,-22.838265],[-43.107322,-22.838257]],[[-43.107336,-22.838265],[-43.107336,-22.838264],[-43.107322,-22.838256]],[[-43.107332,-22.838245],[-43.107358,-22.83826],[-43.107343,-22.838284],[-43.107317,-22.838269],[-43.107332,-22.838245]],[[-43.107342,-22.838257],[-43.107345,-22.838259],[-43.107347,-22.838263],[-43.107347,-22.838266],[-43.107346,-22.83827],[-43.107343,-22.838273],[-43.10734,-22.838274],[-43.107335,-22.838275],[-43.107332,-22.838273],[-43.107328,-22.838271],[-43.107327,-22.838267],[-43.107327,-22.838264],[-43.107328,-22.83826],[-43.107331,-22.838257],[-43.107334,-22.838255],[-43.107338,-22.838255],[-43.107342,-22.838257]],[[-43.107327,-22.838267],[-43.107347,-22.838263]],[[-43.107335,-22.838256],[-43.107338,-22.838275]],[[-43.107328,-22.838255],[-43.107323,-22.838262]],[[-43.10735,-22.838268],[-43.107345,-22.838275]],[[-43.107313,-22.837931],[-43.107312,-22.837932]],[[-43.107313,-22.837931],[-43.107313,-22.837932],[-43.107313,-22.837931]],[[-43.107313,-22.837932],[-43.107298,-22.837924]],[[-43.107312,-22.837932],[-43.107313,-22.837931],[-43.107299,-22.837923]],[[-43.107309,-22.837912],[-43.107334,-22.837927],[-43.107319,-22.83795],[-43.107293,-22.837936],[-43.107309,-22.837912]],[[-43.107318,-22.837924],[-43.107322,-22.837926],[-43.107323,-22.83793],[-43.107324,-22.837933],[-43.107322,-22.837937],[-43.107319,-22.83794],[-43.107316,-22.837941],[-43.107312,-22.837941],[-43.107308,-22.83794],[-43.107305,-22.837938],[-43.107303,-22.837934],[-43.107303,-22.83793],[-43.107304,-22.837927],[-43.107307,-22.837924],[-43.107311,-22.837923],[-43.107315,-22.837922],[-43.107318,-22.837924]],[[-43.107303,-22.837934],[-43.107323,-22.83793]],[[-43.107312,-22.837922],[-43.107315,-22.837941]],[[-43.107304,-22.837922],[-43.1073,-22.837929]],[[-43.107326,-22.837934],[-43.107322,-22.837942]],[[-43.107954,-22.838377],[-43.107954,-22.838378]],[[-43.107955,-22.838378],[-43.107954,-22.838378],[-43.107955,-22.838378]],[[-43.107955,-22.838378],[-43.107954,-22.838377]],[[-43.107954,-22.838378],[-43.10794,-22.83837]],[[-43.107954,-22.838378],[-43.107954,-22.838377],[-43.10794,-22.838369]],[[-43.10795,-22.838358],[-43.107976,-22.838373],[-43.107961,-22.838397],[-43.107935,-22.838382],[-43.10795,-22.838358]],[[-43.10796,-22.83837],[-43.107963,-22.838372],[-43.107965,-22.838376],[-43.107965,-22.838379],[-43.107964,-22.838383],[-43.107961,-22.838386],[-43.107957,-22.838388],[-43.107953,-22.838388],[-43.107949,-22.838387],[-43.107946,-22.838384],[-43.107945,-22.83838],[-43.107944,-22.838376],[-43.107946,-22.838373],[-43.107948,-22.83837],[-43.107952,-22.838369],[-43.107956,-22.838368],[-43.10796,-22.83837]],[[-43.107945,-22.83838],[-43.107965,-22.838376]],[[-43.107953,-22.838369],[-43.107956,-22.838388]],[[-43.107946,-22.838368],[-43.107941,-22.838375]],[[-43.107968,-22.838381],[-43.107963,-22.838388]],[[-43.107965,-22.838335],[-43.107991,-22.83835],[-43.107976,-22.838373],[-43.10795,-22.838358],[-43.107965,-22.838335]],[[-43.107075,-22.837796],[-43.107074,-22.837796]],[[-43.107075,-22.837796],[-43.10706,-22.837788]],[[-43.107074,-22.837796],[-43.10706,-22.837788]],[[-43.107071,-22.837777],[-43.107096,-22.837791],[-43.10708,-22.837815],[-43.107055,-22.8378],[-43.107071,-22.837777]],[[-43.10708,-22.837788],[-43.107083,-22.837791],[-43.107085,-22.837794],[-43.107085,-22.837798],[-43.107083,-22.837801],[-43.107081,-22.837804],[-43.107077,-22.837806],[-43.107073,-22.837806],[-43.107069,-22.837805],[-43.107066,-22.837802],[-43.107064,-22.837799],[-43.107064,-22.837795],[-43.107066,-22.837791],[-43.107069,-22.837788],[-43.107072,-22.837787],[-43.107076,-22.837787],[-43.10708,-22.837788]],[[-43.107065,-22.837798],[-43.107085,-22.837794]],[[-43.107073,-22.837787],[-43.107076,-22.837806]],[[-43.107066,-22.837786],[-43.107062,-22.837794]],[[-43.107088,-22.837799],[-43.107083,-22.837806]],[[-43.107,-22.837978],[-43.106999,-22.837979]],[[-43.107,-22.837979],[-43.107,-22.837978],[-43.107,-22.837979]],[[-43.107,-22.837979],[-43.106985,-22.837971]],[[-43.106999,-22.837979],[-43.107,-22.837978],[-43.106986,-22.83797]],[[-43.106996,-22.837959],[-43.107021,-22.837974],[-43.107006,-22.837997],[-43.106981,-22.837982],[-43.106996,-22.837959]],[[-43.107006,-22.83797],[-43.107009,-22.837973],[-43.10701,-22.837976],[-43.107011,-22.83798],[-43.107009,-22.837984],[-43.107007,-22.837986],[-43.107003,-22.837988],[-43.106999,-22.837988],[-43.106995,-22.837987],[-43.106992,-22.837984],[-43.10699,-22.837981],[-43.10699,-22.837977],[-43.106992,-22.837974],[-43.106994,-22.837971],[-43.106998,-22.837969],[-43.107002,-22.837969],[-43.107006,-22.83797]],[[-43.10699,-22.837981],[-43.10701,-22.837976]],[[-43.106999,-22.837969],[-43.107002,-22.837988]],[[-43.106992,-22.837969],[-43.106987,-22.837976]],[[-43.107014,-22.837981],[-43.107009,-22.837989]],[[-43.107011,-22.837935],[-43.107037,-22.83795],[-43.107021,-22.837974],[-43.106996,-22.837959],[-43.107011,-22.837935]],[[-43.10678,-22.837693],[-43.10669,-22.837831]],[[-43.10678,-22.837692],[-43.106691,-22.837831],[-43.10669,-22.837831]],[[-43.106682,-22.837843],[-43.106682,-22.837844]],[[-43.106682,-22.837844],[-43.106683,-22.837844],[-43.106682,-22.837844]],[[-43.106683,-22.837844],[-43.106682,-22.837843]],[[-43.106682,-22.837844],[-43.106668,-22.837836]],[[-43.106682,-22.837844],[-43.106682,-22.837843],[-43.106668,-22.837835]],[[-43.106678,-22.837824],[-43.106704,-22.837839],[-43.106689,-22.837862],[-43.106663,-22.837848],[-43.106678,-22.837824]],[[-43.106688,-22.837836],[-43.106691,-22.837838],[-43.106693,-22.837842],[-43.106693,-22.837845],[-43.106692,-22.837849],[-43.106689,-22.837852],[-43.106685,-22.837853],[-43.106681,-22.837853],[-43.106677,-22.837852],[-43.106674,-22.83785],[-43.106673,-22.837846],[-43.106672,-22.837842],[-43.106674,-22.837839],[-43.106676,-22.837836],[-43.10668,-22.837834],[-43.106684,-22.837834],[-43.106688,-22.837836]],[[-43.106673,-22.837846],[-43.106693,-22.837842]],[[-43.106681,-22.837834],[-43.106684,-22.837854]],[[-43.106674,-22.837834],[-43.106669,-22.837841]],[[-43.106696,-22.837846],[-43.106691,-22.837854]],[[-43.106676,-22.837855],[-43.106643,-22.837906],[-43.106664,-22.837884]],[[-43.106831,-22.837646],[-43.10683,-22.837645]],[[-43.106822,-22.837658],[-43.106822,-22.837659],[-43.106822,-22.837658]],[[-43.106822,-22.837659],[-43.106807,-22.83765]],[[-43.106822,-22.837658],[-43.106808,-22.83765]],[[-43.106818,-22.837639],[-43.106843,-22.837654],[-43.106828,-22.837677],[-43.106803,-22.837663],[-43.106818,-22.837639]],[[-43.106828,-22.83765],[-43.106831,-22.837653],[-43.106833,-22.837656],[-43.106833,-22.83766],[-43.106831,-22.837664],[-43.106828,-22.837667],[-43.106825,-22.837668],[-43.106821,-22.837668],[-43.106817,-22.837667],[-43.106814,-22.837664],[-43.106812,-22.837661],[-43.106812,-22.837657],[-43.106814,-22.837654],[-43.106816,-22.837651],[-43.10682,-22.837649],[-43.106824,-22.837649],[-43.106828,-22.83765]],[[-43.106812,-22.837661],[-43.106832,-22.837657]],[[-43.106821,-22.837649],[-43.106824,-22.837668]],[[-43.106814,-22.837649],[-43.106809,-22.837656]],[[-43.106835,-22.837661],[-43.106831,-22.837669]],[[-43.107274,-22.837015],[-43.107273,-22.837014]],[[-43.107265,-22.837027],[-43.107264,-22.837027]],[[-43.107265,-22.837028],[-43.107266,-22.837027],[-43.107265,-22.837028]],[[-43.107266,-22.837027],[-43.107265,-22.837027]],[[-43.107265,-22.837028],[-43.107251,-22.837019]],[[-43.107264,-22.837027],[-43.107265,-22.837027],[-43.107251,-22.837019]],[[-43.107261,-22.837008],[-43.107286,-22.837022],[-43.107271,-22.837046],[-43.107246,-22.837031],[-43.107261,-22.837008]],[[-43.107271,-22.837019],[-43.107274,-22.837022],[-43.107275,-22.837025],[-43.107276,-22.837029],[-43.107274,-22.837032],[-43.107272,-22.837035],[-43.107268,-22.837037],[-43.107264,-22.837037],[-43.10726,-22.837036],[-43.107257,-22.837033],[-43.107255,-22.83703],[-43.107255,-22.837026],[-43.107257,-22.837022],[-43.107259,-22.83702],[-43.107263,-22.837018],[-43.107267,-22.837018],[-43.107271,-22.837019]],[[-43.107255,-22.83703],[-43.107275,-22.837025]],[[-43.107264,-22.837018],[-43.107267,-22.837037]],[[-43.107257,-22.837017],[-43.107252,-22.837025]],[[-43.107279,-22.83703],[-43.107274,-22.837037]],[[-43.10794,-22.835884],[-43.10795,-22.83589],[-43.107945,-22.835898]],[[-43.10794,-22.835884],[-43.107935,-22.835892]],[[-43.107943,-22.835901],[-43.107933,-22.835895]],[[-43.107614,-22.837393],[-43.107615,-22.837392],[-43.107614,-22.837393]],[[-43.107615,-22.837392],[-43.107614,-22.837392]],[[-43.107614,-22.837393],[-43.1076,-22.837384]],[[-43.107614,-22.837392],[-43.1076,-22.837384]],[[-43.10761,-22.837373],[-43.107636,-22.837387],[-43.107621,-22.837411],[-43.107595,-22.837396],[-43.10761,-22.837373]],[[-43.10762,-22.837384],[-43.107623,-22.837387],[-43.107625,-22.83739],[-43.107625,-22.837394],[-43.107624,-22.837397],[-43.107621,-22.8374],[-43.107617,-22.837402],[-43.107613,-22.837402],[-43.10761,-22.837401],[-43.107607,-22.837398],[-43.107605,-22.837395],[-43.107605,-22.837391],[-43.107606,-22.837387],[-43.107609,-22.837385],[-43.107612,-22.837383],[-43.107616,-22.837383],[-43.10762,-22.837384]],[[-43.107605,-22.837395],[-43.107625,-22.83739]],[[-43.107614,-22.837383],[-43.107616,-22.837402]],[[-43.107606,-22.837382],[-43.107601,-22.83739]],[[-43.107628,-22.837395],[-43.107623,-22.837402]],[[-43.107626,-22.837349],[-43.107651,-22.837364],[-43.107636,-22.837387],[-43.10761,-22.837373],[-43.107626,-22.837349]],[[-43.107411,-22.837276],[-43.107411,-22.837277]],[[-43.107412,-22.837277],[-43.107411,-22.837276]],[[-43.107412,-22.837277],[-43.107397,-22.837269]],[[-43.107411,-22.837277],[-43.107411,-22.837276],[-43.107397,-22.837268]],[[-43.107407,-22.837257],[-43.107433,-22.837272],[-43.107418,-22.837295],[-43.107392,-22.837281],[-43.107407,-22.837257]],[[-43.107417,-22.837269],[-43.10742,-22.837271],[-43.107422,-22.837275],[-43.107422,-22.837278],[-43.107421,-22.837282],[-43.107418,-22.837285],[-43.107414,-22.837286],[-43.10741,-22.837286],[-43.107407,-22.837285],[-43.107404,-22.837283],[-43.107402,-22.837279],[-43.107402,-22.837275],[-43.107403,-22.837272],[-43.107406,-22.837269],[-43.107409,-22.837267],[-43.107413,-22.837267],[-43.107417,-22.837269]],[[-43.107402,-22.837279],[-43.107422,-22.837275]],[[-43.107411,-22.837267],[-43.107413,-22.837287]],[[-43.107403,-22.837267],[-43.107398,-22.837274]],[[-43.107425,-22.837279],[-43.10742,-22.837287]],[[-43.107423,-22.837234],[-43.107448,-22.837248],[-43.107433,-22.837272],[-43.107407,-22.837257],[-43.107423,-22.837234]],[[-43.10767,-22.836624],[-43.10767,-22.836625]],[[-43.107671,-22.836625],[-43.10767,-22.836624]],[[-43.107671,-22.836625],[-43.107656,-22.836617]],[[-43.10767,-22.836625],[-43.10767,-22.836624],[-43.107656,-22.836616]],[[-43.107667,-22.836605],[-43.107692,-22.83662],[-43.107677,-22.836643],[-43.107651,-22.836629],[-43.107667,-22.836605]],[[-43.107677,-22.836617],[-43.107679,-22.836619],[-43.107681,-22.836623],[-43.107681,-22.836626],[-43.10768,-22.83663],[-43.107677,-22.836633],[-43.107674,-22.836634],[-43.107669,-22.836635],[-43.107666,-22.836633],[-43.107663,-22.836631],[-43.107661,-22.836627],[-43.107661,-22.836624],[-43.107662,-22.83662],[-43.107665,-22.836617],[-43.107669,-22.836615],[-43.107673,-22.836615],[-43.107677,-22.836617]],[[-43.107661,-22.836627],[-43.107681,-22.836623]],[[-43.10767,-22.836615],[-43.107673,-22.836634]],[[-43.107662,-22.836615],[-43.107658,-22.836622]],[[-43.107684,-22.836627],[-43.107679,-22.836635]],[[-43.107682,-22.836582],[-43.107707,-22.836596],[-43.107692,-22.83662],[-43.107667,-22.836605],[-43.107682,-22.836582]],[[-43.107538,-22.836481],[-43.107538,-22.83648],[-43.107538,-22.836481]],[[-43.107538,-22.83648],[-43.107537,-22.83648]],[[-43.107538,-22.836481],[-43.107523,-22.836473]],[[-43.107537,-22.83648],[-43.107524,-22.836472]],[[-43.107534,-22.836461],[-43.107559,-22.836475],[-43.107544,-22.836499],[-43.107519,-22.836484],[-43.107534,-22.836461]],[[-43.107543,-22.836472],[-43.107546,-22.836475],[-43.107548,-22.836478],[-43.107548,-22.836482],[-43.107547,-22.836485],[-43.107544,-22.836488],[-43.10754,-22.83649],[-43.107537,-22.83649],[-43.107533,-22.836489],[-43.10753,-22.836486],[-43.107528,-22.836483],[-43.107528,-22.836479],[-43.107529,-22.836475],[-43.107532,-22.836473],[-43.107535,-22.836471],[-43.107539,-22.836471],[-43.107543,-22.836472]],[[-43.107528,-22.836483],[-43.107548,-22.836478]],[[-43.107537,-22.836471],[-43.107539,-22.83649]],[[-43.10753,-22.836471],[-43.107525,-22.836478]],[[-43.107551,-22.836483],[-43.107547,-22.836491]],[[-43.107325,-22.83657],[-43.107315,-22.836564],[-43.107321,-22.836556]],[[-43.107325,-22.83657],[-43.107331,-22.836562]],[[-43.107322,-22.836554],[-43.107332,-22.836559]],[[-43.106686,-22.835774],[-43.106685,-22.835774]],[[-43.106686,-22.835774],[-43.106687,-22.835775]],[[-43.106686,-22.835774],[-43.106671,-22.835766]],[[-43.106685,-22.835774],[-43.106686,-22.835774],[-43.106672,-22.835766]],[[-43.106682,-22.835755],[-43.106707,-22.835769],[-43.106692,-22.835793],[-43.106666,-22.835778],[-43.106682,-22.835755]],[[-43.106691,-22.835766],[-43.106694,-22.835769],[-43.106696,-22.835772],[-43.106696,-22.835776],[-43.106695,-22.835779],[-43.106692,-22.835782],[-43.106689,-22.835784],[-43.106685,-22.835784],[-43.106681,-22.835783],[-43.106678,-22.83578],[-43.106676,-22.835777],[-43.106676,-22.835773],[-43.106677,-22.835769],[-43.10668,-22.835767],[-43.106684,-22.835765],[-43.106688,-22.835765],[-43.106691,-22.835766]],[[-43.106676,-22.835777],[-43.106696,-22.835772]],[[-43.106685,-22.835765],[-43.106687,-22.835784]],[[-43.106699,-22.835777],[-43.106695,-22.835784]],[[-43.106697,-22.835731],[-43.106722,-22.835746],[-43.106707,-22.835769],[-43.106682,-22.835755],[-43.106697,-22.835731]],[[-43.107136,-22.836032],[-43.107137,-22.836032],[-43.107136,-22.836033],[-43.107136,-22.836032]],[[-43.107136,-22.836033],[-43.107122,-22.836024]],[[-43.107136,-22.836032],[-43.107122,-22.836024]],[[-43.107132,-22.836013],[-43.107158,-22.836027],[-43.107142,-22.836051],[-43.107117,-22.836037],[-43.107132,-22.836013]],[[-43.107142,-22.836025],[-43.107145,-22.836027],[-43.107146,-22.83603],[-43.107147,-22.836034],[-43.107145,-22.836038],[-43.107143,-22.83604],[-43.107139,-22.836042],[-43.107135,-22.836042],[-43.107131,-22.836041],[-43.107128,-22.836038],[-43.107126,-22.836035],[-43.107126,-22.836031],[-43.107127,-22.836028],[-43.10713,-22.836025],[-43.107134,-22.836023],[-43.107138,-22.836023],[-43.107142,-22.836025]],[[-43.107127,-22.836035],[-43.107146,-22.83603]],[[-43.107135,-22.836023],[-43.107138,-22.836042]],[[-43.10715,-22.836035],[-43.107145,-22.836042]],[[-43.107147,-22.83599],[-43.107173,-22.836004],[-43.107158,-22.836027],[-43.107132,-22.836013],[-43.107147,-22.83599]],[[-43.107488,-22.836236],[-43.107488,-22.836237]],[[-43.107489,-22.836237],[-43.107488,-22.836236]],[[-43.107489,-22.836237],[-43.107474,-22.836229]],[[-43.107488,-22.836237],[-43.107488,-22.836236],[-43.107474,-22.836228]],[[-43.107484,-22.836217],[-43.10751,-22.836232],[-43.107495,-22.836255],[-43.107469,-22.836241],[-43.107484,-22.836217]],[[-43.107494,-22.836229],[-43.107497,-22.836231],[-43.107499,-22.836235],[-43.107499,-22.836239],[-43.107498,-22.836242],[-43.107495,-22.836245],[-43.107491,-22.836246],[-43.107487,-22.836246],[-43.107484,-22.836245],[-43.107481,-22.836243],[-43.107479,-22.836239],[-43.107479,-22.836235],[-43.10748,-22.836232],[-43.107483,-22.836229],[-43.107486,-22.836228],[-43.10749,-22.836228],[-43.107494,-22.836229]],[[-43.107479,-22.836239],[-43.107499,-22.836235]],[[-43.107488,-22.836227],[-43.10749,-22.836247]],[[-43.107502,-22.836239],[-43.107497,-22.836247]],[[-43.1075,-22.836194],[-43.107525,-22.836208],[-43.10751,-22.836232],[-43.107484,-22.836217],[-43.1075,-22.836194]],[[-43.108568,-22.836498],[-43.108568,-22.836499]],[[-43.108569,-22.836499],[-43.108568,-22.836498]],[[-43.108569,-22.836499],[-43.108554,-22.836491]],[[-43.108568,-22.836499],[-43.108568,-22.836498],[-43.108554,-22.83649]],[[-43.108564,-22.836479],[-43.10859,-22.836494],[-43.108574,-22.836517],[-43.108549,-22.836503],[-43.108564,-22.836479]],[[-43.108574,-22.836491],[-43.108577,-22.836493],[-43.108579,-22.836497],[-43.108579,-22.8365],[-43.108577,-22.836504],[-43.108575,-22.836507],[-43.108571,-22.836508],[-43.108567,-22.836508],[-43.108563,-22.836507],[-43.10856,-22.836505],[-43.108558,-22.836501],[-43.108558,-22.836497],[-43.10856,-22.836494],[-43.108563,-22.836491],[-43.108566,-22.83649],[-43.10857,-22.836489],[-43.108574,-22.836491]],[[-43.108559,-22.836501],[-43.108579,-22.836497]],[[-43.108567,-22.836489],[-43.10857,-22.836508]],[[-43.10856,-22.836489],[-43.108556,-22.836496]],[[-43.108582,-22.836502],[-43.108577,-22.836509]],[[-43.108495,-22.83849],[-43.108495,-22.838491]],[[-43.108495,-22.838491],[-43.108496,-22.838491],[-43.108495,-22.838491]],[[-43.108496,-22.838491],[-43.108495,-22.83849]],[[-43.108495,-22.838491],[-43.10848,-22.838483]],[[-43.108495,-22.838491],[-43.108495,-22.83849],[-43.108481,-22.838482]],[[-43.108491,-22.838472],[-43.108516,-22.838486],[-43.108501,-22.838509],[-43.108476,-22.838495],[-43.108491,-22.838472]],[[-43.108501,-22.838483],[-43.108504,-22.838485],[-43.108506,-22.838489],[-43.108506,-22.838493],[-43.108504,-22.838496],[-43.108502,-22.838499],[-43.108498,-22.8385],[-43.108494,-22.838501],[-43.10849,-22.838499],[-43.108487,-22.838497],[-43.108485,-22.838493],[-43.108485,-22.838489],[-43.108487,-22.838486],[-43.108489,-22.838483],[-43.108493,-22.838482],[-43.108497,-22.838481],[-43.108501,-22.838483]],[[-43.108485,-22.838493],[-43.108506,-22.838489]],[[-43.108494,-22.838481],[-43.108497,-22.838501]],[[-43.108487,-22.838481],[-43.108482,-22.838489]],[[-43.108509,-22.838494],[-43.108504,-22.838501]]]}},{"type":"Feature","properties":{"layer":"predios"},"geometry":{"type":"MultiLineString","coordinates":[[[-43.109959,-22.835307],[-43.109872,-22.835443]],[[-43.110334,-22.835706],[-43.110421,-22.83557]],[[-43.107389,-22.833995],[-43.107477,-22.833859]],[[-43.106808,-22.835876],[-43.107104,-22.836044]],[[-43.10737,-22.835631],[-43.107075,-22.835463]],[[-43.10736,-22.834981],[-43.107692,-22.83517]],[[-43.107837,-22.834945],[-43.107505,-22.834757]],[[-43.106077,-22.836288],[-43.106002,-22.836074],[-43.105768,-22.836145]],[[-43.105768,-22.836145],[-43.105846,-22.83636]],[[-43.105846,-22.83636],[-43.106077,-22.836288]],[[-43.105846,-22.83445],[-43.105728,-22.834633]],[[-43.105944,-22.834756],[-43.106062,-22.834573]],[[-43.106304,-22.834738],[-43.10615,-22.834976]],[[-43.106577,-22.835218],[-43.10673,-22.834981]],[[-43.10615,-22.834976],[-43.106577,-22.835218]],[[-43.105728,-22.834633],[-43.105944,-22.834756]],[[-43.105819,-22.834857],[-43.10585,-22.834875]],[[-43.105868,-22.834847],[-43.105836,-22.834829]],[[-43.105819,-22.834857],[-43.10585,-22.834875]],[[-43.105868,-22.834847],[-43.105836,-22.834829]],[[-43.105836,-22.834829],[-43.105819,-22.834857]],[[-43.10585,-22.834875],[-43.105868,-22.834847]],[[-43.106578,-22.835745],[-43.106533,-22.835815]],[[-43.106394,-22.835736],[-43.10644,-22.835666]],[[-43.106502,-22.835786],[-43.106439,-22.835751]],[[-43.106439,-22.835751],[-43.106434,-22.835759],[-43.106394,-22.835736]],[[-43.106521,-22.836106],[-43.106456,-22.836208]],[[-43.10656,-22.836267],[-43.106625,-22.836165]],[[-43.106456,-22.836208],[-43.10656,-22.836267]],[[-43.106625,-22.836165],[-43.106521,-22.836106]],[[-43.106533,-22.835815],[-43.106497,-22.835795],[-43.106502,-22.835786]],[[-43.106869,-22.835453],[-43.106656,-22.835331],[-43.10644,-22.835666]],[[-43.107075,-22.835463],[-43.106808,-22.835876]],[[-43.106869,-22.835453],[-43.106653,-22.835788],[-43.106578,-22.835745]],[[-43.106448,-22.834474],[-43.10691,-22.834737]],[[-43.106997,-22.834601],[-43.106536,-22.834339]],[[-43.107148,-22.834368],[-43.106686,-22.834106]],[[-43.106599,-22.834241],[-43.10706,-22.834504]],[[-43.107322,-22.834099],[-43.10686,-22.833836]],[[-43.106772,-22.833972],[-43.107234,-22.834235]],[[-43.10673,-22.834981],[-43.106304,-22.834738]],[[-43.106062,-22.834573],[-43.105846,-22.83445]],[[-43.106536,-22.834339],[-43.106448,-22.834474]],[[-43.10706,-22.834504],[-43.107148,-22.834368]],[[-43.10691,-22.834737],[-43.106997,-22.834601]],[[-43.107505,-22.834757],[-43.10736,-22.834981]],[[-43.107234,-22.834235],[-43.107322,-22.834099]],[[-43.107098,-22.83434],[-43.107069,-22.834324]],[[-43.107668,-22.834224],[-43.10755,-22.834407]],[[-43.107884,-22.834347],[-43.107766,-22.834529],[-43.10755,-22.834407]],[[-43.107884,-22.834347],[-43.107668,-22.834224]],[[-43.109873,-22.838166],[-43.109707,-22.838423]],[[-43.109864,-22.838513],[-43.11003,-22.838255]],[[-43.110123,-22.838315],[-43.109961,-22.838566]],[[-43.110096,-22.838643],[-43.110259,-22.838392]],[[-43.109617,-22.837885],[-43.109389,-22.838239]],[[-43.109513,-22.838309],[-43.109741,-22.837956]],[[-43.109267,-22.837948],[-43.109163,-22.838108]],[[-43.109252,-22.838159],[-43.109355,-22.837999]],[[-43.107124,-22.838167],[-43.106864,-22.838568]],[[-43.107027,-22.838661],[-43.107287,-22.838259]],[[-43.106642,-22.838095],[-43.106575,-22.838197]],[[-43.106687,-22.838261],[-43.106753,-22.838159]],[[-43.106229,-22.83786],[-43.106164,-22.837961]],[[-43.106273,-22.838022],[-43.106338,-22.837921]],[[-43.106164,-22.837961],[-43.106273,-22.838022]],[[-43.106575,-22.838197],[-43.106687,-22.838261]],[[-43.106963,-22.839238],[-43.107002,-22.839261]],[[-43.107026,-22.839224],[-43.106987,-22.839201]],[[-43.106865,-22.839346],[-43.106914,-22.839374]],[[-43.10694,-22.839333],[-43.106891,-22.839305],[-43.106865,-22.839346]],[[-43.106987,-22.839201],[-43.106963,-22.839238]],[[-43.106914,-22.839374],[-43.10694,-22.839333]],[[-43.107002,-22.839261],[-43.107026,-22.839224]],[[-43.106813,-22.838976],[-43.106928,-22.839042]],[[-43.107041,-22.838868],[-43.106926,-22.838802]],[[-43.106926,-22.838802],[-43.106813,-22.838976]],[[-43.106864,-22.838568],[-43.107027,-22.838661]],[[-43.106928,-22.839042],[-43.107041,-22.838868]],[[-43.107418,-22.837197],[-43.107372,-22.837171]],[[-43.107262,-22.837341],[-43.107309,-22.837367]],[[-43.106985,-22.837781],[-43.107092,-22.837841]],[[-43.107163,-22.837732],[-43.107056,-22.837671]],[[-43.106474,-22.837481],[-43.106575,-22.837538]],[[-43.106634,-22.837447],[-43.106533,-22.83739]],[[-43.106338,-22.837921],[-43.106229,-22.83786]],[[-43.106533,-22.83739],[-43.106474,-22.837481]],[[-43.106753,-22.838159],[-43.106642,-22.838095]],[[-43.106575,-22.837538],[-43.106634,-22.837447]],[[-43.107056,-22.837671],[-43.106985,-22.837781]],[[-43.106794,-22.837015],[-43.106882,-22.837065]],[[-43.106933,-22.836986],[-43.106845,-22.836936]],[[-43.106845,-22.836936],[-43.106794,-22.837015]],[[-43.106882,-22.837065],[-43.106933,-22.836986]],[[-43.107268,-22.837139],[-43.107242,-22.83718]],[[-43.10718,-22.837276],[-43.107203,-22.83724],[-43.107167,-22.837219],[-43.107206,-22.837159],[-43.107242,-22.83718]],[[-43.107262,-22.837341],[-43.107271,-22.837328],[-43.10718,-22.837276]],[[-43.107268,-22.837139],[-43.107359,-22.837191],[-43.107372,-22.837171]],[[-43.106999,-22.837965],[-43.106952,-22.838038]],[[-43.107073,-22.838107],[-43.10712,-22.838034]],[[-43.106952,-22.838038],[-43.107073,-22.838107]],[[-43.107287,-22.838259],[-43.107124,-22.838167]],[[-43.10712,-22.838034],[-43.106999,-22.837965]],[[-43.107092,-22.837841],[-43.107163,-22.837732]],[[-43.107389,-22.837921],[-43.107367,-22.837955],[-43.107345,-22.837943],[-43.107333,-22.83796],[-43.107237,-22.837905],[-43.107261,-22.837868],[-43.107274,-22.837875],[-43.107307,-22.837824],[-43.107391,-22.837871]],[[-43.107391,-22.837871],[-43.107367,-22.837908],[-43.107389,-22.837921]],[[-43.107708,-22.837532],[-43.107673,-22.837587]],[[-43.107576,-22.837531],[-43.107626,-22.837454]],[[-43.107576,-22.837531],[-43.107673,-22.837587]],[[-43.107309,-22.837367],[-43.107418,-22.837197]],[[-43.107785,-22.837414],[-43.107749,-22.837469]],[[-43.107638,-22.837461],[-43.107699,-22.837365]],[[-43.107708,-22.837532],[-43.10773,-22.837545],[-43.107771,-22.837482],[-43.107749,-22.837469]],[[-43.107626,-22.837454],[-43.107638,-22.837461]],[[-43.107699,-22.837365],[-43.107785,-22.837414]],[[-43.108252,-22.839037],[-43.108158,-22.839183]],[[-43.108227,-22.839223],[-43.108321,-22.839077]],[[-43.109125,-22.839345],[-43.108916,-22.839668]],[[-43.109271,-22.839763],[-43.109378,-22.839598]],[[-43.107946,-22.840093],[-43.108091,-22.840176]],[[-43.108159,-22.840069],[-43.108015,-22.839987]],[[-43.108015,-22.839987],[-43.107946,-22.840093]],[[-43.107402,-22.83928],[-43.107677,-22.839437]],[[-43.107796,-22.839253],[-43.107521,-22.839097],[-43.107402,-22.83928]],[[-43.107677,-22.839437],[-43.107796,-22.839253]],[[-43.108158,-22.839183],[-43.108227,-22.839223]],[[-43.108103,-22.840156],[-43.108173,-22.840197]],[[-43.108217,-22.840128],[-43.108147,-22.840088]],[[-43.108916,-22.839668],[-43.109197,-22.839828]],[[-43.109197,-22.839828],[-43.109247,-22.839749],[-43.109271,-22.839763]],[[-43.109163,-22.838108],[-43.109252,-22.838159]],[[-43.108335,-22.838334],[-43.108273,-22.83843]],[[-43.108337,-22.838466],[-43.108399,-22.83837]],[[-43.108152,-22.838591],[-43.107967,-22.838877]],[[-43.108221,-22.83863],[-43.108037,-22.838916],[-43.107967,-22.838877]],[[-43.107722,-22.838831],[-43.10772,-22.838827],[-43.107719,-22.838821],[-43.107719,-22.838817],[-43.107722,-22.838812],[-43.107725,-22.838808],[-43.107729,-22.838805],[-43.107734,-22.838804],[-43.10774,-22.838803]],[[-43.107722,-22.838831],[-43.107762,-22.838861],[-43.107787,-22.838823],[-43.10774,-22.838803]],[[-43.108129,-22.838773],[-43.10806,-22.838734]],[[-43.108064,-22.838227],[-43.108069,-22.838231],[-43.108074,-22.838237],[-43.108078,-22.838243],[-43.10808,-22.83825],[-43.10808,-22.838257],[-43.108078,-22.838264],[-43.108075,-22.838271],[-43.108071,-22.838276],[-43.108065,-22.838281],[-43.108058,-22.838284],[-43.10805,-22.838286],[-43.108043,-22.838286],[-43.108035,-22.838284],[-43.108028,-22.838282],[-43.108022,-22.838277],[-43.108017,-22.838271],[-43.108014,-22.838265],[-43.108012,-22.838258],[-43.108012,-22.838251],[-43.108013,-22.838244],[-43.108016,-22.838237],[-43.108021,-22.838232],[-43.108027,-22.838227],[-43.108034,-22.838224],[-43.108041,-22.838222],[-43.108049,-22.838222],[-43.108056,-22.838224],[-43.108064,-22.838227]],[[-43.108221,-22.83863],[-43.108152,-22.838591]],[[-43.108273,-22.83843],[-43.108337,-22.838466]],[[-43.108535,-22.838846],[-43.108495,-22.838907]],[[-43.108558,-22.838943],[-43.108598,-22.838881]],[[-43.108321,-22.839077],[-43.108252,-22.839037]],[[-43.108495,-22.838907],[-43.108558,-22.838943]],[[-43.108436,-22.838704],[-43.10853,-22.838758]],[[-43.108639,-22.838589],[-43.108545,-22.838536],[-43.108436,-22.838704]],[[-43.10853,-22.838758],[-43.108639,-22.838589]],[[-43.108598,-22.838881],[-43.108535,-22.838846]],[[-43.108399,-22.83837],[-43.108335,-22.838334]],[[-43.108793,-22.838109],[-43.108625,-22.83837]],[[-43.108741,-22.838436],[-43.10891,-22.838175]],[[-43.108625,-22.83837],[-43.108741,-22.838436]],[[-43.108986,-22.837999],[-43.109031,-22.838025]],[[-43.109058,-22.837983],[-43.109013,-22.837957]],[[-43.10891,-22.838175],[-43.108793,-22.838109]],[[-43.109013,-22.837957],[-43.108986,-22.837999]],[[-43.109031,-22.838025],[-43.109058,-22.837983]],[[-43.109778,-22.83884],[-43.109553,-22.839187]],[[-43.109691,-22.839266],[-43.109916,-22.838918]],[[-43.109405,-22.839504],[-43.109125,-22.839345]],[[-43.109353,-22.839585],[-43.109405,-22.839504]],[[-43.109378,-22.839598],[-43.109353,-22.839585]],[[-43.109553,-22.839187],[-43.109691,-22.839266]],[[-43.109389,-22.838239],[-43.109513,-22.838309]],[[-43.109916,-22.838918],[-43.109778,-22.83884]],[[-43.109707,-22.838423],[-43.109864,-22.838513]],[[-43.109961,-22.838566],[-43.110096,-22.838643]],[[-43.107664,-22.836553],[-43.108046,-22.83677]],[[-43.107894,-22.837006],[-43.107512,-22.836789]],[[-43.10728,-22.836512],[-43.107186,-22.836659]],[[-43.107246,-22.836693],[-43.107341,-22.836547]],[[-43.107512,-22.836789],[-43.107555,-22.836722]],[[-43.107186,-22.836659],[-43.107246,-22.836693]],[[-43.107341,-22.836547],[-43.10728,-22.836512]],[[-43.107621,-22.836619],[-43.107664,-22.836553]],[[-43.107573,-22.836592],[-43.107507,-22.836695],[-43.107555,-22.836722]],[[-43.107573,-22.836592],[-43.107621,-22.836619]],[[-43.107619,-22.836001],[-43.107535,-22.835954]],[[-43.107378,-22.836197],[-43.107462,-22.836245]],[[-43.107104,-22.836044],[-43.10737,-22.835631]],[[-43.107475,-22.835953],[-43.107352,-22.836143]],[[-43.107378,-22.836197],[-43.107396,-22.836168],[-43.107352,-22.836143]],[[-43.107475,-22.835953],[-43.107519,-22.835978],[-43.107535,-22.835954]],[[-43.107462,-22.836245],[-43.107619,-22.836001]],[[-43.108046,-22.83677],[-43.107894,-22.837006]],[[-43.1081,-22.836519],[-43.108415,-22.836698]],[[-43.108421,-22.836346],[-43.108324,-22.836496]],[[-43.108324,-22.836496],[-43.108171,-22.836409],[-43.1081,-22.836519]],[[-43.108566,-22.836464],[-43.108483,-22.836417]],[[-43.1085,-22.836391],[-43.108421,-22.836346]],[[-43.108415,-22.836698],[-43.108566,-22.836464]],[[-43.108218,-22.83547],[-43.108541,-22.835653]],[[-43.108686,-22.835428],[-43.108363,-22.835245]],[[-43.107877,-22.835216],[-43.108093,-22.835339]],[[-43.10821,-22.835156],[-43.107994,-22.835033]],[[-43.107833,-22.835059],[-43.107916,-22.835106]],[[-43.107957,-22.835043],[-43.107874,-22.834996]],[[-43.107692,-22.83517],[-43.107837,-22.834945]],[[-43.107874,-22.834996],[-43.107833,-22.835059]],[[-43.107994,-22.835033],[-43.107877,-22.835216]],[[-43.107916,-22.835106],[-43.107957,-22.835043]],[[-43.108093,-22.835339],[-43.10821,-22.835156]],[[-43.108078,-22.834457],[-43.107961,-22.83464]],[[-43.108294,-22.83458],[-43.108177,-22.834763],[-43.107961,-22.83464]],[[-43.108294,-22.83458],[-43.108078,-22.834457]],[[-43.109098,-22.835667],[-43.109,-22.835611]],[[-43.108613,-22.835696],[-43.108954,-22.83589]],[[-43.108868,-22.835536],[-43.108757,-22.835473],[-43.108613,-22.835696]],[[-43.108541,-22.835653],[-43.108686,-22.835428]],[[-43.109,-22.835611],[-43.108868,-22.835536]],[[-43.108954,-22.83589],[-43.109098,-22.835667]],[[-43.108909,-22.83493],[-43.108792,-22.835113]],[[-43.109126,-22.835053],[-43.109008,-22.835236],[-43.108792,-22.835113]],[[-43.109126,-22.835053],[-43.108909,-22.83493]],[[-43.108949,-22.834953],[-43.108992,-22.834977]],[[-43.109051,-22.835011],[-43.10898,-22.834971]],[[-43.109355,-22.837999],[-43.109267,-22.837948]],[[-43.10928,-22.8371],[-43.109286,-22.837104],[-43.109292,-22.83711],[-43.109296,-22.837116],[-43.109299,-22.837123],[-43.1093,-22.83713],[-43.109299,-22.837137],[-43.109297,-22.837145],[-43.109294,-22.837151],[-43.109289,-22.837157],[-43.109284,-22.837162],[-43.109277,-22.837165],[-43.109269,-22.837168],[-43.109262,-22.837169],[-43.109254,-22.837169],[-43.109246,-22.837167],[-43.109239,-22.837163],[-43.109233,-22.837159],[-43.109228,-22.837154],[-43.109224,-22.837147],[-43.109221,-22.83714],[-43.10922,-22.837133],[-43.10922,-22.837126],[-43.109222,-22.837119],[-43.109225,-22.837112],[-43.10923,-22.837106],[-43.109236,-22.837101],[-43.109243,-22.837097],[-43.10925,-22.837095],[-43.109258,-22.837094],[-43.109266,-22.837095],[-43.109273,-22.837096],[-43.10928,-22.8371]],[[-43.110187,-22.837692],[-43.110012,-22.837964]],[[-43.110169,-22.838053],[-43.110344,-22.837782]],[[-43.110432,-22.837835],[-43.110258,-22.838104]],[[-43.110404,-22.838187],[-43.110577,-22.837918]],[[-43.109741,-22.837956],[-43.109617,-22.837885]],[[-43.11003,-22.838255],[-43.109873,-22.838166]],[[-43.110259,-22.838392],[-43.110123,-22.838315]],[[-43.110012,-22.837964],[-43.110169,-22.838053]],[[-43.110258,-22.838104],[-43.110404,-22.838187]],[[-43.110344,-22.837782],[-43.110187,-22.837692]],[[-43.110577,-22.837918],[-43.110432,-22.837835]],[[-43.109393,-22.836185],[-43.109854,-22.836448]],[[-43.109942,-22.836312],[-43.10948,-22.83605],[-43.109393,-22.836185]],[[-43.109572,-22.836102],[-43.109537,-22.836082]],[[-43.109732,-22.836193],[-43.109699,-22.836174]],[[-43.109814,-22.836239],[-43.109781,-22.836221]],[[-43.109652,-22.836148],[-43.109617,-22.836128]],[[-43.109854,-22.836448],[-43.109942,-22.836312]],[[-43.109892,-22.836284],[-43.109863,-22.836268]],[[-43.109717,-22.835683],[-43.110179,-22.835946]],[[-43.110266,-22.83581],[-43.109805,-22.835547]],[[-43.109872,-22.835443],[-43.110334,-22.835706]],[[-43.109805,-22.835547],[-43.109717,-22.835683]],[[-43.109896,-22.835599],[-43.109862,-22.835579]],[[-43.110057,-22.83569],[-43.110023,-22.835671]],[[-43.110138,-22.835737],[-43.110106,-22.835718]],[[-43.109977,-22.835645],[-43.109941,-22.835625]],[[-43.110179,-22.835946],[-43.110266,-22.83581]],[[-43.110217,-22.835781],[-43.110188,-22.835765]],[[-43.109526,-22.839823],[-43.10951,-22.839848]],[[-43.109561,-22.839877],[-43.109611,-22.839799]],[[-43.10951,-22.839848],[-43.109561,-22.839877]],[[-43.109526,-22.839823],[-43.109517,-22.839818],[-43.109538,-22.839784],[-43.109548,-22.839789],[-43.10956,-22.83977],[-43.109611,-22.839799]],[[-43.108661,-22.833121],[-43.108872,-22.833241]],[[-43.108992,-22.833056],[-43.108781,-22.832936]],[[-43.10817,-22.833989],[-43.10829,-22.834057]],[[-43.108334,-22.833988],[-43.108214,-22.83392]],[[-43.108781,-22.832936],[-43.108661,-22.833121]],[[-43.107477,-22.833859],[-43.107015,-22.833596]],[[-43.108013,-22.833806],[-43.107969,-22.833874]],[[-43.108088,-22.833942],[-43.108132,-22.833874]],[[-43.108214,-22.83392],[-43.10817,-22.833989]],[[-43.107969,-22.833874],[-43.108088,-22.833942]],[[-43.108132,-22.833874],[-43.108013,-22.833806]],[[-43.107755,-22.833247],[-43.107971,-22.833369]],[[-43.108089,-22.833187],[-43.107873,-22.833064],[-43.107755,-22.833247]],[[-43.108165,-22.833475],[-43.108376,-22.833595]],[[-43.108495,-22.83341],[-43.108284,-22.83329],[-43.108165,-22.833475]],[[-43.108376,-22.833595],[-43.108495,-22.83341]],[[-43.110032,-22.833657],[-43.109913,-22.833842]],[[-43.110124,-22.833962],[-43.110243,-22.833777]],[[-43.109201,-22.833185],[-43.109082,-22.83337]],[[-43.109293,-22.83349],[-43.109412,-22.833305]],[[-43.109619,-22.833422],[-43.1095,-22.833607]],[[-43.109711,-22.833727],[-43.10983,-22.833542]],[[-43.108872,-22.833241],[-43.108992,-22.833056]],[[-43.1095,-22.833607],[-43.109711,-22.833727]],[[-43.108831,-22.83452],[-43.109165,-22.834709]],[[-43.109296,-22.834506],[-43.108962,-22.834317]],[[-43.108593,-22.834229],[-43.108712,-22.834297]],[[-43.108756,-22.834229],[-43.108637,-22.834161]],[[-43.108421,-22.834038],[-43.108377,-22.834106]],[[-43.108496,-22.834174],[-43.10854,-22.834106]],[[-43.108637,-22.834161],[-43.108593,-22.834229]],[[-43.10829,-22.834057],[-43.108334,-22.833988]],[[-43.108377,-22.834106],[-43.108496,-22.834174]],[[-43.10854,-22.834106],[-43.108421,-22.834038]],[[-43.108712,-22.834297],[-43.108756,-22.834229]],[[-43.109082,-22.83337],[-43.109293,-22.83349]],[[-43.108575,-22.833708],[-43.108786,-22.833828]],[[-43.108906,-22.833643],[-43.108694,-22.833523],[-43.108575,-22.833708]],[[-43.108786,-22.833828],[-43.108906,-22.833643]],[[-43.109239,-22.834753],[-43.109574,-22.834944]],[[-43.109706,-22.83474],[-43.109371,-22.834549],[-43.109239,-22.834753]],[[-43.109296,-22.834506],[-43.109165,-22.834709]],[[-43.109604,-22.834681],[-43.109472,-22.834607]],[[-43.109574,-22.834944],[-43.109706,-22.83474]],[[-43.109913,-22.833842],[-43.110124,-22.833962]],[[-43.109403,-22.834187],[-43.109613,-22.834306]],[[-43.109733,-22.834121],[-43.109523,-22.834001],[-43.109403,-22.834187]],[[-43.109613,-22.834306],[-43.109733,-22.834121]],[[-43.10983,-22.833542],[-43.109619,-22.833422]],[[-43.109412,-22.833305],[-43.109201,-22.833185]],[[-43.110243,-22.833777],[-43.110032,-22.833657]],[[-43.10994,-22.833233],[-43.110275,-22.833424]],[[-43.110407,-22.833219],[-43.110072,-22.833029],[-43.10994,-22.833233]],[[-43.110275,-22.833424],[-43.110407,-22.833219]],[[-43.110421,-22.83557],[-43.109959,-22.835307]],[[-43.111136,-22.835687],[-43.111243,-22.835637],[-43.111262,-22.835672]],[[-43.111136,-22.835687],[-43.111155,-22.835722],[-43.111262,-22.835672]],[[-43.1085,-22.836391],[-43.108483,-22.836417]],[[-43.109137,-22.835309],[-43.109353,-22.835432],[-43.10947,-22.835249]],[[-43.109254,-22.835126],[-43.109137,-22.835309]],[[-43.10947,-22.835249],[-43.109254,-22.835126]],[[-43.107804,-22.833687],[-43.10776,-22.833755],[-43.107879,-22.833823]],[[-43.107923,-22.833755],[-43.107804,-22.833687]],[[-43.108962,-22.834317],[-43.108831,-22.83452]],[[-43.108363,-22.835245],[-43.108218,-22.83547]],[[-43.106599,-22.834241],[-43.106686,-22.834106]],[[-43.106772,-22.833972],[-43.10686,-22.833836]],[[-43.106927,-22.833732],[-43.107015,-22.833596]],[[-43.108173,-22.840197],[-43.108217,-22.840128]],[[-43.108091,-22.840176],[-43.108103,-22.840156]],[[-43.108147,-22.840088],[-43.108159,-22.840069]],[[-43.107971,-22.833369],[-43.107755,-22.833247],[-43.107873,-22.833064],[-43.108089,-22.833187],[-43.107971,-22.833369],[-43.107755,-22.833247]],[[-43.107994,-22.835033],[-43.10821,-22.835156],[-43.108093,-22.835339],[-43.107877,-22.835216],[-43.107994,-22.835033]],[[-43.107505,-22.834757],[-43.107837,-22.834945],[-43.107692,-22.83517],[-43.10736,-22.834981],[-43.107505,-22.834757]],[[-43.111514,-22.835719],[-43.111579,-22.835757],[-43.111567,-22.835775],[-43.111502,-22.835738],[-43.111514,-22.835719]],[[-43.110051,-22.835359],[-43.110016,-22.83534]],[[-43.110211,-22.835451],[-43.110178,-22.835432]],[[-43.110293,-22.835497],[-43.110261,-22.835479]],[[-43.110132,-22.835405],[-43.110096,-22.835385]],[[-43.110371,-22.835542],[-43.110343,-22.835525]],[[-43.106927,-22.833732],[-43.107389,-22.833995]],[[-43.109722,-22.835869],[-43.109688,-22.835849]],[[-43.109883,-22.83596],[-43.109849,-22.835941]],[[-43.109964,-22.836006],[-43.109932,-22.835988]],[[-43.109803,-22.835915],[-43.109767,-22.835894]],[[-43.110043,-22.836051],[-43.110014,-22.836035]],[[-43.109631,-22.835817],[-43.109543,-22.835952]],[[-43.110005,-22.836215],[-43.110092,-22.836079]],[[-43.109543,-22.835952],[-43.110005,-22.836215]],[[-43.110092,-22.836079],[-43.109631,-22.835817]],[[-43.107879,-22.833823],[-43.107923,-22.833755]]]}},{"type":"Feature","properties":{"layer":"areas"},"geometry":{"type":"MultiLineString","coordinates":[[[-43.108708,-22.836194],[-43.108657,-22.836272]],[[-43.108644,-22.836292],[-43.108632,-22.836311]],[[-43.108619,-22.836331],[-43.108606,-22.836351]],[[-43.108594,-22.836371],[-43.10853,-22.836469]],[[-43.108517,-22.836489],[-43.108505,-22.836508]],[[-43.108492,-22.836528],[-43.108479,-22.836548]],[[-43.108467,-22.836567],[-43.108403,-22.836666]],[[-43.10839,-22.836685],[-43.108378,-22.836705]],[[-43.108365,-22.836725],[-43.108352,-22.836745]],[[-43.108339,-22.836764],[-43.108289,-22.836843],[-43.108335,-22.836869],[-43.108265,-22.836978]],[[-43.108252,-22.836998],[-43.10824,-22.837017]],[[-43.108227,-22.837037],[-43.108214,-22.837057]],[[-43.108202,-22.837076],[-43.108138,-22.837175]],[[-43.108125,-22.837194],[-43.108112,-22.837214]],[[-43.1081,-22.837234],[-43.108087,-22.837253]],[[-43.108074,-22.837273],[-43.108011,-22.837372]],[[-43.107998,-22.837391],[-43.107985,-22.837411]],[[-43.107973,-22.837431],[-43.10796,-22.837451]],[[-43.107947,-22.83747],[-43.107884,-22.837569]],[[-43.107871,-22.837588],[-43.107858,-22.837608]],[[-43.107845,-22.837628],[-43.107833,-22.837647]],[[-43.10782,-22.837667],[-43.107757,-22.837765]],[[-43.107744,-22.837785],[-43.107731,-22.837805]],[[-43.107718,-22.837825],[-43.107706,-22.837844]],[[-43.107693,-22.837864],[-43.10763,-22.837962]],[[-43.107617,-22.837982],[-43.107604,-22.838002]],[[-43.107591,-22.838021],[-43.107579,-22.838041]],[[-43.107566,-22.838061],[-43.107502,-22.838159]],[[-43.10749,-22.838179],[-43.107477,-22.838199]],[[-43.107464,-22.838218],[-43.107452,-22.838238]],[[-43.107439,-22.838258],[-43.107375,-22.838356]],[[-43.107363,-22.838376],[-43.10735,-22.838396]],[[-43.107337,-22.838415],[-43.107325,-22.838435]],[[-43.107312,-22.838455],[-43.107248,-22.838553]],[[-43.107235,-22.838573],[-43.107223,-22.838592]],[[-43.10721,-22.838612],[-43.107197,-22.838632]],[[-43.107185,-22.838651],[-43.107121,-22.83875]],[[-43.107108,-22.83877],[-43.107096,-22.838789]],[[-43.107083,-22.838809],[-43.10707,-22.838829]],[[-43.107058,-22.838848],[-43.106994,-22.838947]],[[-43.106981,-22.838966],[-43.106969,-22.838986]],[[-43.106956,-22.839006],[-43.106943,-22.839026]],[[-43.10693,-22.839045],[-43.106867,-22.839144]],[[-43.106854,-22.839164],[-43.106841,-22.839183]],[[-43.106829,-22.839203],[-43.106816,-22.839223]],[[-43.106803,-22.839242],[-43.10674,-22.839341]],[[-43.106727,-22.83936],[-43.106714,-22.83938]],[[-43.106702,-22.8394],[-43.106689,-22.839419]],[[-43.106676,-22.839439],[-43.106606,-22.839548],[-43.106718,-22.839611]],[[-43.106739,-22.839623],[-43.106761,-22.839636]],[[-43.106782,-22.839648],[-43.106803,-22.83966]],[[-43.106824,-22.839672],[-43.10693,-22.839732]],[[-43.106952,-22.839744],[-43.106973,-22.839756]],[[-43.106994,-22.839769],[-43.107016,-22.839781]],[[-43.107037,-22.839793],[-43.107143,-22.839853]],[[-43.107164,-22.839865],[-43.107186,-22.839877]],[[-43.107207,-22.839889],[-43.107228,-22.839902]],[[-43.107249,-22.839914],[-43.107355,-22.839974]],[[-43.107377,-22.839986],[-43.107398,-22.839998]],[[-43.107419,-22.84001],[-43.107441,-22.840022]],[[-43.107462,-22.840034],[-43.107568,-22.840095]],[[-43.107589,-22.840107],[-43.10761,-22.840119]],[[-43.107632,-22.840131],[-43.107653,-22.840143]],[[-43.107674,-22.840155],[-43.10778,-22.840216]],[[-43.107801,-22.840228],[-43.107823,-22.84024]],[[-43.107844,-22.840252],[-43.107865,-22.840264]],[[-43.107887,-22.840276],[-43.107993,-22.840337]],[[-43.108014,-22.840349],[-43.108035,-22.840361]],[[-43.108056,-22.840373],[-43.108078,-22.840385]],[[-43.108099,-22.840397],[-43.108205,-22.840458]],[[-43.108226,-22.84047],[-43.108248,-22.840482]],[[-43.108269,-22.840494],[-43.10829,-22.840506]],[[-43.108311,-22.840518],[-43.108418,-22.840578]],[[-43.108439,-22.84059],[-43.10846,-22.840603]],[[-43.108481,-22.840615],[-43.108503,-22.840627]],[[-43.108524,-22.840639],[-43.10863,-22.840699]],[[-43.108652,-22.840711],[-43.108673,-22.840723]],[[-43.108694,-22.840735],[-43.108715,-22.840748]],[[-43.108736,-22.84076],[-43.108843,-22.84082]],[[-43.108864,-22.840832],[-43.108885,-22.840844]],[[-43.108906,-22.840856],[-43.108928,-22.840868]],[[-43.108949,-22.84088],[-43.109061,-22.840944],[-43.109118,-22.840855]],[[-43.109131,-22.840835],[-43.109143,-22.840816]],[[-43.109156,-22.840796],[-43.109169,-22.840776]],[[-43.109182,-22.840756],[-43.109245,-22.840658]],[[-43.109258,-22.840638],[-43.109271,-22.840619]],[[-43.109283,-22.840599],[-43.109296,-22.840579]],[[-43.109309,-22.84056],[-43.109372,-22.840461]],[[-43.109385,-22.840442],[-43.109398,-22.840422]],[[-43.10941,-22.840402],[-43.109423,-22.840382]],[[-43.109436,-22.840363],[-43.109499,-22.840264]],[[-43.109512,-22.840245],[-43.109525,-22.840225]],[[-43.109537,-22.840205],[-43.10955,-22.840186]],[[-43.109563,-22.840166],[-43.109626,-22.840068]],[[-43.109639,-22.840048],[-43.109652,-22.840028]],[[-43.109664,-22.840009],[-43.109677,-22.839989]],[[-43.10969,-22.839969],[-43.109754,-22.83987]],[[-43.109766,-22.839851],[-43.109779,-22.839831]],[[-43.109792,-22.839811],[-43.109804,-22.839792]],[[-43.109817,-22.839772],[-43.109881,-22.839674]],[[-43.109893,-22.839654],[-43.109906,-22.839634]],[[-43.109919,-22.839615],[-43.109931,-22.839595]],[[-43.109944,-22.839575],[-43.110008,-22.839477]],[[-43.11002,-22.839457],[-43.110033,-22.839437]],[[-43.110046,-22.839418],[-43.110059,-22.839398]],[[-43.110071,-22.839378],[-43.110135,-22.83928]],[[-43.110148,-22.83926],[-43.11016,-22.839241]],[[-43.110173,-22.839221],[-43.110186,-22.839201]],[[-43.110198,-22.839182],[-43.110262,-22.839083]],[[-43.110275,-22.839063],[-43.110287,-22.839043]],[[-43.1103,-22.839024],[-43.110313,-22.839004]],[[-43.110326,-22.838984],[-43.110389,-22.838886]],[[-43.110402,-22.838866],[-43.110414,-22.838847]],[[-43.110427,-22.838827],[-43.11044,-22.838807]],[[-43.110453,-22.838788],[-43.110516,-22.838689]],[[-43.110529,-22.838669],[-43.110541,-22.83865]],[[-43.110554,-22.83863],[-43.110567,-22.83861]],[[-43.11058,-22.838591],[-43.110643,-22.838492]],[[-43.110656,-22.838473],[-43.110669,-22.838453]],[[-43.110681,-22.838433],[-43.110694,-22.838414]],[[-43.110707,-22.838394],[-43.11077,-22.838295]],[[-43.110783,-22.838276],[-43.110796,-22.838256]],[[-43.110808,-22.838236],[-43.110821,-22.838216]],[[-43.110834,-22.838197],[-43.110897,-22.838098]],[[-43.11091,-22.838079],[-43.110923,-22.838059]],[[-43.110936,-22.838039],[-43.110948,-22.83802]],[[-43.110961,-22.838],[-43.111024,-22.837902]],[[-43.111037,-22.837882],[-43.11105,-22.837862]],[[-43.111063,-22.837843],[-43.111075,-22.837823]],[[-43.111088,-22.837803],[-43.111152,-22.837704]],[[-43.111164,-22.837685],[-43.111177,-22.837665]],[[-43.11119,-22.837645],[-43.111203,-22.837626]],[[-43.111215,-22.837606],[-43.111279,-22.837508]],[[-43.111291,-22.837488],[-43.111304,-22.837468]],[[-43.111317,-22.837449],[-43.11133,-22.837429]],[[-43.111342,-22.837409],[-43.111406,-22.837311]],[[-43.111419,-22.837291],[-43.111431,-22.837271]],[[-43.111444,-22.837252],[-43.111457,-22.837232]],[[-43.111469,-22.837212],[-43.111527,-22.837123],[-43.111443,-22.837076]],[[-43.111422,-22.837064],[-43.111401,-22.837052]],[[-43.11138,-22.83704],[-43.111359,-22.837028]],[[-43.111337,-22.837016],[-43.111231,-22.836955]],[[-43.11121,-22.836943],[-43.111189,-22.836931]],[[-43.111167,-22.836919],[-43.111146,-22.836907]],[[-43.111125,-22.836895],[-43.111019,-22.836834]],[[-43.110997,-22.836822],[-43.110976,-22.83681]],[[-43.110955,-22.836798],[-43.110934,-22.836786]],[[-43.110912,-22.836774],[-43.110806,-22.836713]],[[-43.110785,-22.836701],[-43.110764,-22.836689]],[[-43.110742,-22.836677],[-43.110721,-22.836665]],[[-43.1107,-22.836653],[-43.110594,-22.836593]],[[-43.110572,-22.83658],[-43.110551,-22.836568]],[[-43.11053,-22.836556],[-43.110509,-22.836544]],[[-43.110487,-22.836532],[-43.110404,-22.836485],[-43.11034,-22.836584]],[[-43.110328,-22.836603],[-43.110315,-22.836623]],[[-43.110302,-22.836643],[-43.110289,-22.836662]],[[-43.110277,-22.836682],[-43.110213,-22.83678]],[[-43.110201,-22.8368],[-43.110188,-22.83682]],[[-43.110175,-22.836839],[-43.110162,-22.836859]],[[-43.11015,-22.836879],[-43.110086,-22.836978],[-43.109981,-22.836918]],[[-43.10996,-22.836906],[-43.109939,-22.836894]],[[-43.109918,-22.836882],[-43.109896,-22.83687]],[[-43.109875,-22.836858],[-43.109769,-22.836797]],[[-43.109748,-22.836785],[-43.109726,-22.836773]],[[-43.109705,-22.836761],[-43.109684,-22.836749]],[[-43.109662,-22.836737],[-43.109556,-22.836676]],[[-43.109535,-22.836664],[-43.109514,-22.836652]],[[-43.109493,-22.83664],[-43.109471,-22.836628]],[[-43.10945,-22.836616],[-43.109344,-22.836555]],[[-43.109323,-22.836543],[-43.109301,-22.836531]],[[-43.10928,-22.836519],[-43.109259,-22.836507]],[[-43.109238,-22.836495],[-43.109131,-22.836435]],[[-43.10911,-22.836423],[-43.109089,-22.83641]],[[-43.109068,-22.836398],[-43.109047,-22.836386]],[[-43.109025,-22.836374],[-43.108919,-22.836314]],[[-43.108898,-22.836302],[-43.108876,-22.83629]],[[-43.108855,-22.836278],[-43.108834,-22.836265]],[[-43.108813,-22.836253],[-43.108708,-22.836194]],[[-43.107969,-22.835883],[-43.108047,-22.835928]],[[-43.108068,-22.83594],[-43.108089,-22.835952]],[[-43.108111,-22.835964],[-43.108132,-22.835976]],[[-43.108153,-22.835988],[-43.108259,-22.836049]],[[-43.108281,-22.836061],[-43.108302,-22.836073]],[[-43.108323,-22.836085],[-43.108344,-22.836097]],[[-43.108365,-22.836109],[-43.108472,-22.836169]],[[-43.108493,-22.836181],[-43.108514,-22.836194]],[[-43.108536,-22.836206],[-43.108557,-22.836218]],[[-43.108578,-22.83623],[-43.108656,-22.836274]],[[-43.106883,-22.839119],[-43.106732,-22.839033]],[[-43.106711,-22.839021],[-43.106689,-22.839009]],[[-43.106668,-22.838997],[-43.106647,-22.838985]],[[-43.106626,-22.838973],[-43.106475,-22.838887],[-43.106436,-22.838946],[-43.106372,-22.838909]],[[-43.106351,-22.838897],[-43.10633,-22.838885]],[[-43.106308,-22.838873],[-43.106287,-22.838861]],[[-43.106266,-22.838849],[-43.106202,-22.838812],[-43.106254,-22.838731]],[[-43.106267,-22.838711],[-43.10628,-22.838691]],[[-43.106292,-22.838672],[-43.106305,-22.838652]],[[-43.106318,-22.838632],[-43.10637,-22.838551],[-43.106249,-22.838482]],[[-43.106228,-22.83847],[-43.106206,-22.838458]],[[-43.106185,-22.838445],[-43.106164,-22.838433]],[[-43.106143,-22.838421],[-43.106021,-22.838352],[-43.106106,-22.838221]],[[-43.106118,-22.838201],[-43.106131,-22.838182]],[[-43.106144,-22.838162],[-43.106157,-22.838142]],[[-43.106169,-22.838123],[-43.106233,-22.838024]],[[-43.106246,-22.838005],[-43.106258,-22.837985]],[[-43.106271,-22.837965],[-43.106284,-22.837946]],[[-43.106296,-22.837926],[-43.10636,-22.837827]],[[-43.106373,-22.837808],[-43.106385,-22.837788]],[[-43.106398,-22.837768],[-43.106411,-22.837749]],[[-43.106424,-22.837729],[-43.106487,-22.837631]],[[-43.1065,-22.837611],[-43.106512,-22.837591]],[[-43.106525,-22.837572],[-43.106538,-22.837552]],[[-43.106551,-22.837532],[-43.106614,-22.837434]],[[-43.106627,-22.837414],[-43.106639,-22.837394]],[[-43.106652,-22.837374],[-43.106665,-22.837355]],[[-43.106678,-22.837335],[-43.106762,-22.837204],[-43.106551,-22.837085],[-43.106626,-22.836969]],[[-43.106638,-22.83695],[-43.106651,-22.83693]],[[-43.106664,-22.83691],[-43.106676,-22.836891]],[[-43.106689,-22.836871],[-43.106763,-22.836756],[-43.106697,-22.836718]],[[-43.106676,-22.836706],[-43.106654,-22.836694]],[[-43.106633,-22.836682],[-43.106612,-22.83667]],[[-43.106591,-22.836658],[-43.106485,-22.836597]],[[-43.106463,-22.836585],[-43.106442,-22.836573]],[[-43.106421,-22.836561],[-43.106399,-22.836549]],[[-43.106378,-22.836537],[-43.106272,-22.836476]],[[-43.106251,-22.836464],[-43.10623,-22.836452]],[[-43.106208,-22.83644],[-43.106187,-22.836428]],[[-43.106166,-22.836416],[-43.10606,-22.836356]],[[-43.106039,-22.836344],[-43.106017,-22.836331]],[[-43.105996,-22.836319],[-43.105975,-22.836307]],[[-43.105953,-22.836295],[-43.105887,-22.836258],[-43.105976,-22.836121]],[[-43.105988,-22.836101],[-43.106001,-22.836081]],[[-43.106014,-22.836062],[-43.106026,-22.836042]],[[-43.106039,-22.836022],[-43.106103,-22.835924]],[[-43.106115,-22.835904],[-43.106128,-22.835885]],[[-43.106141,-22.835865],[-43.106154,-22.835845]],[[-43.106166,-22.835826],[-43.10623,-22.835727]],[[-43.106242,-22.835707],[-43.106255,-22.835688]],[[-43.106268,-22.835668],[-43.106281,-22.835648]],[[-43.106293,-22.835629],[-43.106357,-22.83553]],[[-43.10637,-22.835511],[-43.106382,-22.835491]],[[-43.106395,-22.835471],[-43.106408,-22.835452]],[[-43.10642,-22.835432],[-43.106509,-22.835295],[-43.106425,-22.835248]],[[-43.106404,-22.835236],[-43.106382,-22.835223]],[[-43.106361,-22.835211],[-43.10634,-22.835199]],[[-43.106318,-22.835187],[-43.106212,-22.835127]],[[-43.106191,-22.835115],[-43.10617,-22.835103]],[[-43.106148,-22.83509],[-43.106127,-22.835078]],[[-43.106106,-22.835066],[-43.106,-22.835006]],[[-43.105979,-22.834994],[-43.105957,-22.834982]],[[-43.105936,-22.83497],[-43.105915,-22.834958]],[[-43.105893,-22.834945],[-43.10581,-22.834898],[-43.105861,-22.834819]],[[-43.105873,-22.8348],[-43.105886,-22.83478]],[[-43.105899,-22.83476],[-43.105912,-22.834741]],[[-43.105924,-22.834721],[-43.105988,-22.834623]],[[-43.106,-22.834603],[-43.106013,-22.834583]],[[-43.106026,-22.834563],[-43.106039,-22.834544]],[[-43.106051,-22.834524],[-43.106102,-22.834446],[-43.106203,-22.834503]],[[-43.106224,-22.834515],[-43.106246,-22.834527]],[[-43.106267,-22.834539],[-43.106288,-22.834551]],[[-43.106309,-22.834564],[-43.106415,-22.834624]],[[-43.106437,-22.834636],[-43.106458,-22.834648]],[[-43.106479,-22.83466],[-43.106501,-22.834672]],[[-43.106522,-22.834684],[-43.106628,-22.834745]],[[-43.106649,-22.834757],[-43.10667,-22.834769]],[[-43.106692,-22.834781],[-43.106713,-22.834793]],[[-43.106734,-22.834805],[-43.10684,-22.834866]],[[-43.106862,-22.834878],[-43.106883,-22.83489]],[[-43.106904,-22.834902],[-43.106925,-22.834914]],[[-43.106947,-22.834926],[-43.107053,-22.834987]],[[-43.107074,-22.834999],[-43.107095,-22.835011]],[[-43.107117,-22.835023],[-43.107138,-22.835035]],[[-43.107159,-22.835047],[-43.107266,-22.835108]],[[-43.107287,-22.83512],[-43.107308,-22.835132]],[[-43.107329,-22.835144],[-43.10735,-22.835156]],[[-43.107371,-22.835168],[-43.107478,-22.835228]],[[-43.107499,-22.83524],[-43.10752,-22.835253]],[[-43.107542,-22.835265],[-43.107563,-22.835277]],[[-43.107584,-22.835289],[-43.10769,-22.835349]],[[-43.107712,-22.835361],[-43.107733,-22.835373]],[[-43.107754,-22.835385],[-43.107775,-22.835398]],[[-43.107797,-22.83541],[-43.107903,-22.83547]],[[-43.107924,-22.835482],[-43.107945,-22.835494]],[[-43.107967,-22.835506],[-43.107988,-22.835518]],[[-43.108009,-22.835531],[-43.10811,-22.835588],[-43.108131,-22.835556],[-43.108167,-22.835576],[-43.1081,-22.835681]],[[-43.108087,-22.8357],[-43.108074,-22.83572]],[[-43.108062,-22.83574],[-43.108049,-22.835759]],[[-43.108036,-22.835779],[-43.107969,-22.835883]],[[-43.106311,-22.834565],[-43.106344,-22.834515]],[[-43.106356,-22.834495],[-43.106369,-22.834475]],[[-43.106382,-22.834456],[-43.106394,-22.834436]],[[-43.106407,-22.834416],[-43.106471,-22.834318]],[[-43.106483,-22.834298],[-43.106496,-22.834278]],[[-43.106509,-22.834259],[-43.106521,-22.834239]],[[-43.106534,-22.834219],[-43.106598,-22.834121]],[[-43.106611,-22.834101],[-43.106623,-22.834082]],[[-43.106636,-22.834062],[-43.106649,-22.834042]],[[-43.106661,-22.834022],[-43.106725,-22.833924]],[[-43.106738,-22.833904],[-43.10675,-22.833885]],[[-43.106763,-22.833865],[-43.106776,-22.833845]],[[-43.106788,-22.833826],[-43.106852,-22.833727]],[[-43.106865,-22.833708],[-43.106878,-22.833688]],[[-43.10689,-22.833668],[-43.106903,-22.833648]],[[-43.106916,-22.833629],[-43.106979,-22.83353]],[[-43.106992,-22.83351],[-43.107005,-22.833491]],[[-43.107017,-22.833471],[-43.10703,-22.833451]],[[-43.107043,-22.833432],[-43.107075,-22.833382],[-43.107172,-22.833437]],[[-43.107194,-22.83345],[-43.107215,-22.833462]],[[-43.107236,-22.833474],[-43.107257,-22.833486]],[[-43.107279,-22.833498],[-43.107376,-22.833553],[-43.107454,-22.833433]],[[-43.107467,-22.833413],[-43.107479,-22.833394]],[[-43.107492,-22.833374],[-43.107505,-22.833354]],[[-43.107517,-22.833335],[-43.107581,-22.833236]],[[-43.107594,-22.833216],[-43.107606,-22.833197]],[[-43.107619,-22.833177],[-43.107632,-22.833157]],[[-43.107645,-22.833137],[-43.107708,-22.833039]],[[-43.107721,-22.833019],[-43.107733,-22.833]],[[-43.107746,-22.83298],[-43.107759,-22.83296]],[[-43.107772,-22.832941],[-43.107835,-22.832842]],[[-43.107848,-22.832822],[-43.10786,-22.832803]],[[-43.107873,-22.832783],[-43.107886,-22.832763]],[[-43.107899,-22.832744],[-43.107962,-22.832645]],[[-43.107975,-22.832626],[-43.107988,-22.832606]],[[-43.108,-22.832586],[-43.108013,-22.832567]],[[-43.108026,-22.832547],[-43.108089,-22.832448]],[[-43.108102,-22.832429],[-43.108115,-22.832409]],[[-43.108127,-22.832389],[-43.10814,-22.832369]],[[-43.108153,-22.83235],[-43.10823,-22.83223],[-43.108361,-22.832304]],[[-43.108382,-22.832316],[-43.108403,-22.832328]],[[-43.108424,-22.83234],[-43.108445,-22.832352]],[[-43.108467,-22.832364],[-43.108573,-22.832425]],[[-43.108594,-22.832437],[-43.108615,-22.832449]],[[-43.108637,-22.832461],[-43.108658,-22.832473]],[[-43.108679,-22.832485],[-43.108786,-22.832545]],[[-43.108807,-22.832557],[-43.108828,-22.83257]],[[-43.108849,-22.832582],[-43.10887,-22.832594]],[[-43.108892,-22.832606],[-43.108998,-22.832666]],[[-43.109019,-22.832678],[-43.10904,-22.83269]],[[-43.109062,-22.832702],[-43.109083,-22.832715]],[[-43.109104,-22.832727],[-43.109211,-22.832787]],[[-43.109232,-22.832799],[-43.109253,-22.832811]],[[-43.109274,-22.832823],[-43.109295,-22.832835]],[[-43.109317,-22.832847],[-43.109423,-22.832908]],[[-43.109444,-22.83292],[-43.109465,-22.832932]],[[-43.109487,-22.832944],[-43.109508,-22.832956]],[[-43.109529,-22.832968],[-43.109635,-22.833029]],[[-43.109657,-22.833041],[-43.109678,-22.833053]],[[-43.109699,-22.833065],[-43.10972,-22.833077]],[[-43.109742,-22.833089],[-43.109872,-22.833163],[-43.109924,-22.833082]],[[-43.109937,-22.833063],[-43.109949,-22.833043]],[[-43.109962,-22.833023],[-43.109975,-22.833004]],[[-43.109987,-22.832984],[-43.11004,-22.832903],[-43.110196,-22.832992]],[[-43.110217,-22.833004],[-43.110239,-22.833016]],[[-43.11026,-22.833028],[-43.110281,-22.83304]],[[-43.110302,-22.833052],[-43.110408,-22.833113]],[[-43.11043,-22.833125],[-43.110451,-22.833137]],[[-43.110472,-22.833149],[-43.110494,-22.833161]],[[-43.110515,-22.833173],[-43.110671,-22.833262],[-43.110624,-22.833335]],[[-43.110611,-22.833355],[-43.110599,-22.833374]],[[-43.110586,-22.833394],[-43.110573,-22.833414]],[[-43.11056,-22.833433],[-43.110497,-22.833532]],[[-43.110484,-22.833552],[-43.110471,-22.833572]],[[-43.110459,-22.833591],[-43.110446,-22.833611]],[[-43.110433,-22.833631],[-43.11037,-22.833729]],[[-43.110357,-22.833749],[-43.110344,-22.833768]],[[-43.110332,-22.833788],[-43.110319,-22.833808]],[[-43.110306,-22.833827],[-43.110243,-22.833926]],[[-43.11023,-22.833946],[-43.110217,-22.833965]],[[-43.110204,-22.833985],[-43.110192,-22.834005]],[[-43.110179,-22.834024],[-43.110116,-22.834123]],[[-43.110103,-22.834142],[-43.11009,-22.834162]],[[-43.110077,-22.834182],[-43.110065,-22.834201]],[[-43.110052,-22.834221],[-43.109989,-22.83432]],[[-43.109976,-22.834339],[-43.109963,-22.834359]],[[-43.10995,-22.834379],[-43.109938,-22.834399]],[[-43.109925,-22.834418],[-43.109861,-22.834517]],[[-43.109849,-22.834536],[-43.109836,-22.834556]],[[-43.109823,-22.834576],[-43.109811,-22.834595]],[[-43.109798,-22.834615],[-43.109734,-22.834713]],[[-43.109722,-22.834733],[-43.109709,-22.834753]],[[-43.109696,-22.834773],[-43.109683,-22.834792]],[[-43.109671,-22.834812],[-43.109624,-22.834885],[-43.109727,-22.834943]],[[-43.109748,-22.834956],[-43.109769,-22.834968]],[[-43.10979,-22.83498],[-43.109812,-22.834992]],[[-43.109833,-22.835004],[-43.109939,-22.835064]],[[-43.10996,-22.835076],[-43.109982,-22.835088]],[[-43.110003,-22.835101],[-43.110024,-22.835113]],[[-43.110045,-22.835125],[-43.110152,-22.835185]],[[-43.110173,-22.835197],[-43.110194,-22.835209]],[[-43.110215,-22.835221],[-43.110237,-22.835233]],[[-43.110258,-22.835246],[-43.110361,-22.835304],[-43.110327,-22.835357]],[[-43.110314,-22.835377],[-43.110301,-22.835397]],[[-43.110289,-22.835416],[-43.110276,-22.835436]],[[-43.110263,-22.835456],[-43.1102,-22.835554]],[[-43.110187,-22.835574],[-43.110174,-22.835593]],[[-43.110162,-22.835613],[-43.110149,-22.835633]],[[-43.110136,-22.835653],[-43.110073,-22.835751]],[[-43.11006,-22.835771],[-43.110047,-22.835791]],[[-43.110034,-22.83581],[-43.110022,-22.83583]],[[-43.110009,-22.83585],[-43.109946,-22.835948]],[[-43.109933,-22.835968],[-43.10992,-22.835987]],[[-43.109907,-22.836007],[-43.109895,-22.836027]],[[-43.109882,-22.836046],[-43.109818,-22.836145]],[[-43.109806,-22.836165],[-43.109793,-22.836184]],[[-43.10978,-22.836204],[-43.109768,-22.836224]],[[-43.109755,-22.836243],[-43.109691,-22.836342]],[[-43.109679,-22.836361],[-43.109666,-22.836381]],[[-43.109653,-22.836401],[-43.109641,-22.83642]],[[-43.109628,-22.83644],[-43.109594,-22.836493],[-43.10944,-22.836406]],[[-43.109418,-22.836394],[-43.109397,-22.836382]],[[-43.109376,-22.83637],[-43.109355,-22.836357]],[[-43.109333,-22.836345],[-43.109227,-22.836285]],[[-43.109206,-22.836273],[-43.109185,-22.836261]],[[-43.109163,-22.836249],[-43.109142,-22.836237]],[[-43.109121,-22.836224],[-43.109015,-22.836164]],[[-43.108994,-22.836152],[-43.108972,-22.83614]],[[-43.108951,-22.836128],[-43.10893,-22.836116]],[[-43.108908,-22.836104],[-43.108802,-22.836043]],[[-43.108781,-22.836031],[-43.10876,-22.836019]],[[-43.108739,-22.836007],[-43.108717,-22.835995]],[[-43.108696,-22.835983],[-43.10859,-22.835922]],[[-43.108569,-22.83591],[-43.108547,-22.835898]],[[-43.108526,-22.835886],[-43.108505,-22.835874]],[[-43.108483,-22.835862],[-43.108377,-22.835801]],[[-43.108356,-22.835789],[-43.108335,-22.835777]],[[-43.108314,-22.835765],[-43.108292,-22.835753]],[[-43.108271,-22.835741],[-43.108117,-22.835654],[-43.108167,-22.835576],[-43.108131,-22.835556],[-43.10811,-22.835588],[-43.108008,-22.83553]],[[-43.107986,-22.835517],[-43.107965,-22.835505]],[[-43.107944,-22.835493],[-43.107922,-22.835481]],[[-43.107901,-22.835469],[-43.107795,-22.835409]],[[-43.107774,-22.835397],[-43.107753,-22.835385]],[[-43.107731,-22.835372],[-43.10771,-22.83536]],[[-43.107689,-22.835348],[-43.107583,-22.835288]],[[-43.107562,-22.835276],[-43.10754,-22.835264]],[[-43.107519,-22.835252],[-43.107498,-22.83524]],[[-43.107476,-22.835227],[-43.10737,-22.835167]],[[-43.107349,-22.835155],[-43.107328,-22.835143]],[[-43.107307,-22.835131],[-43.107285,-22.835119]],[[-43.107264,-22.835107],[-43.107158,-22.835046]],[[-43.107137,-22.835034],[-43.107115,-22.835022]],[[-43.107094,-22.83501],[-43.107073,-22.834998]],[[-43.107052,-22.834986],[-43.106945,-22.834925]],[[-43.106924,-22.834913],[-43.106903,-22.834901]],[[-43.106882,-22.834889],[-43.10686,-22.834877]],[[-43.106839,-22.834865],[-43.106733,-22.834804]],[[-43.106712,-22.834792],[-43.10669,-22.83478]],[[-43.106669,-22.834768],[-43.106648,-22.834756]],[[-43.106627,-22.834744],[-43.10652,-22.834684]],[[-43.106499,-22.834672],[-43.106478,-22.834659]],[[-43.106457,-22.834647],[-43.106435,-22.834635]],[[-43.106414,-22.834623],[-43.106311,-22.834565]]]}},{"type":"Feature","properties":{"layer":"rotulo","label":"\u00c1rea A"},"geometry":{"type":"Point","coordinates":[-43.109074,-22.84071]}},{"type":"Feature","properties":{"layer":"rotulo","label":"\u00c1rea B"},"geometry":{"type":"Point","coordinates":[-43.107067,-22.838729]}},{"type":"Feature","properties":{"layer":"rotulo","label":"\u00c1rea C"},"geometry":{"type":"Point","coordinates":[-43.1076,-22.833335]}}]}
